,protocol,use_case,testbed,transmitters,project_name,center_freq,rec_length,decimation,sdr,hw_sample_rate,effective_sample_rate,signal_type,date_recorded,time_recorded,author,sample_rate,packet_per_block,samples_per_packet
0,unknown,ambient,queen_street_supervisor,ambient,LnC,2420000000.0,6000000,1,BladeRF,60000000.0,60000000.0,Recorded Baseband-IQ,11-06,150946,,,,
1,unknown,ambient,queen_street_supervisor,ambient,LnC,2420000000.0,6000000,1,USRPX300,60000000.0,60000000.0,Recorded Baseband-IQ,11-06,165020,,,,
2,unknown,ambient,queen_street_supervisor,ambient,LnC,2426666666.0,4000000,1,BladeRF,40000000.0,40000000.0,Recorded Baseband-IQ,11-06,150933,,,,
3,unknown,ambient,queen_street_supervisor,ambient,LnC,2426666666.0,4000000,1,USRPX300,40000000.0,40000000.0,Recorded Baseband-IQ,11-06,165004,,,,
4,unknown,ambient,queen_street_supervisor,ambient,LnC,2430000000.0,6000000,1,BladeRF,60000000.0,60000000.0,Recorded Baseband-IQ,11-06,150948,,,,
5,unknown,ambient,queen_street_supervisor,ambient,LnC,2430000000.0,6000000,1,USRPX300,60000000.0,60000000.0,Recorded Baseband-IQ,11-06,165023,,,,
6,unknown,ambient,queen_street_supervisor,ambient,LnC,2433333333.0,2000000,1,BladeRF,20000000.0,20000000.0,Recorded Baseband-IQ,11-06,150919,,,,
7,unknown,ambient,queen_street_supervisor,ambient,LnC,2433333333.0,4000000,1,BladeRF,40000000.0,40000000.0,Recorded Baseband-IQ,11-06,150935,,,,
8,unknown,ambient,queen_street_supervisor,ambient,LnC,2433333333.0,2000000,1,USRPX300,20000000.0,20000000.0,Recorded Baseband-IQ,11-06,164948,,,,
9,unknown,ambient,queen_street_supervisor,ambient,LnC,2433333333.0,4000000,1,USRPX300,40000000.0,40000000.0,Recorded Baseband-IQ,11-06,165007,,,,
10,unknown,ambient,queen_street_supervisor,ambient,LnC,2436666666.0,1000000,1,BladeRF,10000000.0,10000000.0,Recorded Baseband-IQ,11-06,150902,,,,
11,unknown,ambient,queen_street_supervisor,ambient,LnC,2436666666.0,2000000,1,BladeRF,20000000.0,20000000.0,Recorded Baseband-IQ,11-06,150922,,,,
12,unknown,ambient,queen_street_supervisor,ambient,LnC,2436666666.0,1000000,1,USRPX300,10000000.0,10000000.0,Recorded Baseband-IQ,11-06,164932,,,,
13,unknown,ambient,queen_street_supervisor,ambient,LnC,2436666666.0,2000000,1,USRPX300,20000000.0,20000000.0,Recorded Baseband-IQ,11-06,164951,,,,
14,unknown,ambient,queen_street_supervisor,ambient,LnC,2438333333.0,1000000,1,BladeRF,10000000.0,10000000.0,Recorded Baseband-IQ,11-06,150906,,,,
15,unknown,ambient,queen_street_supervisor,ambient,LnC,2438333333.0,1000000,1,USRPX300,10000000.0,10000000.0,Recorded Baseband-IQ,11-06,164935,,,,
16,unknown,ambient,queen_street_supervisor,ambient,LnC,2440000000.0,1000000,1,BladeRF,10000000.0,10000000.0,Recorded Baseband-IQ,11-06,150909,,,,
17,unknown,ambient,queen_street_supervisor,ambient,LnC,2440000000.0,2000000,1,BladeRF,20000000.0,20000000.0,Recorded Baseband-IQ,11-06,150924,,,,
18,unknown,ambient,queen_street_supervisor,ambient,LnC,2440000000.0,4000000,1,BladeRF,40000000.0,40000000.0,Recorded Baseband-IQ,11-06,150938,,,,
19,unknown,ambient,queen_street_supervisor,ambient,LnC,2440000000.0,6000000,1,BladeRF,60000000.0,60000000.0,Recorded Baseband-IQ,11-06,150950,,,,
20,unknown,ambient,queen_street_supervisor,ambient,LnC,2440000000.0,2000000,1,USRPX300,20000000.0,20000000.0,Recorded Baseband-IQ,11-06,164818,,,,
21,unknown,ambient,queen_street_supervisor,ambient,LnC,2440000000.0,1000000,1,USRPX300,10000000.0,10000000.0,Recorded Baseband-IQ,11-06,164938,,,,
22,unknown,ambient,queen_street_supervisor,ambient,LnC,2440000000.0,2000000,1,USRPX300,20000000.0,20000000.0,Recorded Baseband-IQ,11-06,164954,,,,
23,unknown,ambient,queen_street_supervisor,ambient,LnC,2440000000.0,4000000,1,USRPX300,40000000.0,40000000.0,Recorded Baseband-IQ,11-06,165010,,,,
24,unknown,ambient,queen_street_supervisor,ambient,LnC,2440000000.0,6000000,1,USRPX300,60000000.0,60000000.0,Recorded Baseband-IQ,11-06,165026,,,,
25,unknown,ambient,queen_street_supervisor,ambient,LnC,2441666666.0,1000000,1,BladeRF,10000000.0,10000000.0,Recorded Baseband-IQ,11-06,150913,,,,
26,unknown,ambient,queen_street_supervisor,ambient,LnC,2441666666.0,1000000,1,USRPX300,10000000.0,10000000.0,Recorded Baseband-IQ,11-06,164941,,,,
27,unknown,ambient,queen_street_supervisor,ambient,LnC,2443333333.0,1000000,1,BladeRF,10000000.0,10000000.0,Recorded Baseband-IQ,11-06,150916,,,,
28,unknown,ambient,queen_street_supervisor,ambient,LnC,2443333333.0,2000000,1,BladeRF,20000000.0,20000000.0,Recorded Baseband-IQ,11-06,150927,,,,
29,unknown,ambient,queen_street_supervisor,ambient,LnC,2443333333.0,1000000,1,USRPX300,10000000.0,10000000.0,Recorded Baseband-IQ,11-06,164944,,,,
30,unknown,ambient,queen_street_supervisor,ambient,LnC,2443333333.0,2000000,1,USRPX300,20000000.0,20000000.0,Recorded Baseband-IQ,11-06,164958,,,,
31,unknown,ambient,queen_street_supervisor,ambient,LnC,2446666666.0,2000000,1,BladeRF,20000000.0,20000000.0,Recorded Baseband-IQ,11-06,150930,,,,
32,unknown,ambient,queen_street_supervisor,ambient,LnC,2446666666.0,4000000,1,BladeRF,40000000.0,40000000.0,Recorded Baseband-IQ,11-06,150941,,,,
33,unknown,ambient,queen_street_supervisor,ambient,LnC,2446666666.0,2000000,1,USRPX300,20000000.0,20000000.0,Recorded Baseband-IQ,11-06,165001,,,,
34,unknown,ambient,queen_street_supervisor,ambient,LnC,2446666666.0,4000000,1,USRPX300,40000000.0,40000000.0,Recorded Baseband-IQ,11-06,165013,,,,
35,unknown,ambient,queen_street_supervisor,ambient,LnC,2450000000.0,6000000,1,BladeRF,60000000.0,60000000.0,Recorded Baseband-IQ,11-06,150953,,,,
36,unknown,ambient,queen_street_supervisor,ambient,LnC,2450000000.0,6000000,1,USRPX300,60000000.0,60000000.0,Recorded Baseband-IQ,11-06,165029,,,,
37,unknown,ambient,queen_street_supervisor,ambient,LnC,2453333333.0,4000000,1,BladeRF,40000000.0,40000000.0,Recorded Baseband-IQ,11-06,150943,,,,
38,unknown,ambient,queen_street_supervisor,ambient,LnC,2453333333.0,4000000,1,USRPX300,40000000.0,40000000.0,Recorded Baseband-IQ,11-06,165017,,,,
39,unknown,ambient,queen_street_supervisor,ambient,LnC,2460000000.0,6000000,1,BladeRF,60000000.0,60000000.0,Recorded Baseband-IQ,11-06,150955,,,,
40,unknown,ambient,queen_street_supervisor,ambient,LnC,2460000000.0,6000000,1,USRPX300,60000000.0,60000000.0,Recorded Baseband-IQ,11-06,165032,,,,
41,unknown,ambient,queen_street_supervisor,ambient,LnC,2610000000.0,6000000,1,BladeRF,60000000.0,60000000.0,Recorded Baseband-IQ,11-06,164616,,,,
42,unknown,ambient,queen_street_supervisor,ambient,LnC,2610000000.0,6000000,1,USRPX300,60000000.0,60000000.0,Recorded Baseband-IQ,11-06,165211,,,,
43,unknown,ambient,queen_street_supervisor,ambient,LnC,2616666666.0,4000000,1,BladeRF,40000000.0,40000000.0,Recorded Baseband-IQ,11-06,164603,,,,
44,unknown,ambient,queen_street_supervisor,ambient,LnC,2616666666.0,4000000,1,USRPX300,40000000.0,40000000.0,Recorded Baseband-IQ,11-06,165155,,,,
45,unknown,ambient,queen_street,ambient,none,2620000000.0,1500000,1,USRPX300,61440000.0,61440000.0,Recorded Baseband-IQ,10-11,000122,,,,
46,unknown,ambient,queen_street,ambient,none,2620000000.0,150000,1,USRPX300,61440000.0,61440000.0,Recorded Baseband-IQ,10-11,000155,,,,
47,unknown,ambient,queen_street,ambient,none,2620000000.0,100000,1,USRPX300,61440000.0,61440000.0,Recorded Baseband-IQ,10-11,000224,,,,
48,unknown,ambient,queen_street,ambient,none,2620000000.0,9000000,1,synthetic_sdr,61440000.0,61440000.0,Recorded Baseband-IQ,10-12,000436,,,,
49,unknown,ambient,queen_street,ambient,none,2620000000.0,9000000,1,synthetic_sdr,61440000.0,61440000.0,Recorded Baseband-IQ,10-12,000947,,,,
50,unknown,ambient,queen_street,ambient,none,2620000000.0,9000000,1,synthetic_sdr,61440000.0,61440000.0,Recorded Baseband-IQ,10-12,001259,,,,
51,unknown,ambient,queen_street,ambient,none,2620000000.0,9000000,1,synthetic_sdr,61440000.0,61440000.0,Recorded Baseband-IQ,10-12,001332,,,,
52,unknown,ambient,queen_street,ambient,none,2620000000.0,9000000,1,USRPX300,61440000.0,61440000.0,Recorded Baseband-IQ,10-12,002121,,,,
53,unknown,ambient,queen_street,ambient,none,2620000000.0,100000,1,USRPX300,61440000.0,61440000.0,Recorded Baseband-IQ,10-11,002135,,,,
54,unknown,ambient,queen_street,ambient,none,2620000000.0,1000000,1,USRPX300,61440000.0,61440000.0,Recorded Baseband-IQ,10-11,002153,,,,
55,unknown,ambient,queen_street,ambient,none,2620000000.0,9000000,1,USRPX300,61440000.0,61440000.0,Recorded Baseband-IQ,10-12,002313,,,,
56,unknown,ambient,queen_street,ambient,none,2620000000.0,9000000,1,synthetic_sdr,61440000.0,61440000.0,Recorded Baseband-IQ,10-12,002332,,,,
57,unknown,ambient,queen_street,ambient,none,2620000000.0,1000000,1,USRPX300,61440000.0,61440000.0,Recorded Baseband-IQ,10-11,002706,,,,
58,unknown,ambient,queen_street,ambient,none,2620000000.0,1600000,1,USRPX300,61440000.0,61440000.0,Recorded Baseband-IQ,10-11,002732,,,,
59,unknown,ambient,queen_street,ambient,none,2620000000.0,9000000,1,synthetic_sdr,61440000.0,61440000.0,Recorded Baseband-IQ,10-12,002824,,,,
60,unknown,ambient,queen_street,ambient,none,2620000000.0,800000,1,USRPX300,61440000.0,61440000.0,Recorded Baseband-IQ,10-11,002827,,,,
61,unknown,ambient,queen_street,ambient,none,2620000000.0,800000,1,USRPX300,61440000.0,61440000.0,Recorded Baseband-IQ,10-11,002920,,,,
62,unknown,ambient,queen_street,ambient,none,2620000000.0,9000000,1,synthetic_sdr,61440000.0,61440000.0,Recorded Baseband-IQ,10-12,002933,,,,
63,unknown,ambient,queen_street,ambient,none,2620000000.0,600000,1,USRPX300,61440000.0,61440000.0,Recorded Baseband-IQ,10-11,002948,,,,
64,unknown,ambient,queen_street,ambient,none,2620000000.0,9000000,1,synthetic_sdr,61440000.0,61440000.0,Recorded Baseband-IQ,10-12,003000,,,,
65,unknown,ambient,queen_street,ambient,none,2620000000.0,600000,1,USRPX300,61440000.0,61440000.0,Recorded Baseband-IQ,10-11,004426,,,,
66,unknown,ambient,queen_street,ambient,none,2620000000.0,600000,1,USRPX300,61440000.0,61440000.0,Recorded Baseband-IQ,10-11,004448,,,,
67,unknown,ambient,queen_street,ambient,none,2620000000.0,900000,1,USRPX300,61440000.0,61440000.0,Recorded Baseband-IQ,10-11,004604,,,,
68,unknown,ambient,queen_street,ambient,none,2620000000.0,9000000,1,USRPX300,61440000.0,61440000.0,Recorded Baseband-IQ,10-11,004629,,,,
69,unknown,ambient,queen_street,ambient,none,2620000000.0,9000000,1,USRPX300,61440000.0,61440000.0,Recorded Baseband-IQ,10-11,004648,,,,
70,unknown,ambient,queen_street,ambient,none,2620000000.0,9000000,1,USRPX300,61440000.0,61440000.0,Recorded Baseband-IQ,10-11,004803,,,,
71,unknown,ambient,queen_street,ambient,none,2620000000.0,9000000,1,USRPX300,61440000.0,61440000.0,Recorded Baseband-IQ,10-11,004848,,,,
72,unknown,ambient,queen_street,ambient,none,2620000000.0,9000000,1,USRPX300,61440000.0,61440000.0,Recorded Baseband-IQ,10-11,004909,,,,
73,unknown,ambient,queen_street,ambient,none,2620000000.0,9000000,1,USRPX300,61440000.0,61440000.0,Recorded Baseband-IQ,10-11,004949,,,,
74,unknown,ambient,queen_street,ambient,none,2620000000.0,9000000,1,USRPX300,61440000.0,61440000.0,Recorded Baseband-IQ,10-11,004957,,,,
75,unknown,ambient,queen_street,ambient,none,2620000000.0,9000000,1,USRPX300,61440000.0,61440000.0,Recorded Baseband-IQ,10-11,005205,,,,
76,unknown,ambient,queen_street,ambient,none,2620000000.0,9000000,1,USRPX300,61440000.0,61440000.0,Recorded Baseband-IQ,10-11,005225,,,,
77,unknown,ambient,queen_street,ambient,none,2620000000.0,9000000,1,USRPX300,61440000.0,61440000.0,Recorded Baseband-IQ,10-11,005258,,,,
78,unknown,ambient,queen_street,ambient,none,2620000000.0,9000000,1,USRPX300,61440000.0,61440000.0,Recorded Baseband-IQ,10-11,005326,,,,
79,unknown,ambient,queen_street,ambient,none,2620000000.0,9000000,1,USRPX300,61440000.0,61440000.0,Recorded Baseband-IQ,10-11,005355,,,,
80,unknown,ambient,queen_street,ambient,none,2620000000.0,9000000,1,USRPX300,61440000.0,61440000.0,Recorded Baseband-IQ,10-11,005416,,,,
81,unknown,ambient,queen_street,ambient,none,2620000000.0,9000000,1,USRPX300,61440000.0,61440000.0,Recorded Baseband-IQ,10-11,005529,,,,
82,unknown,ambient,queen_street,ambient,none,2620000000.0,9000000,1,USRPX300,61440000.0,61440000.0,Recorded Baseband-IQ,10-11,005656,,,,
83,unknown,ambient,queen_street,ambient,none,2620000000.0,9000000,1,USRPX300,61440000.0,61440000.0,Recorded Baseband-IQ,10-11,005747,,,,
84,unknown,ambient,queen_street,ambient,none,2620000000.0,9000000,1,USRPX300,61440000.0,61440000.0,Recorded Baseband-IQ,10-11,005805,,,,
85,unknown,ambient,queen_street,ambient,none,2620000000.0,9000000,1,USRPX300,61440000.0,61440000.0,Recorded Baseband-IQ,10-11,005957,,,,
86,unknown,ambient,queen_street,ambient,none,2620000000.0,9000000,1,USRPX300,61440000.0,61440000.0,Recorded Baseband-IQ,10-11,010221,,,,
87,unknown,ambient,queen_street,ambient,none,2620000000.0,9000000,1,USRPX300,61440000.0,61440000.0,Recorded Baseband-IQ,10-11,152052,,,,
88,unknown,ambient,queen_street,ambient,none,2620000000.0,9000000,1,synthetic_sdr,61440000.0,61440000.0,Recorded Baseband-IQ,10-11,152331,,,,
89,unknown,ambient,queen_street,ambient,none,2620000000.0,9000000,1,synthetic_sdr,61440000.0,61440000.0,Recorded Baseband-IQ,10-11,152531,,,,
90,unknown,ambient,queen_street,ambient,none,2620000000.0,9000000,1,synthetic_sdr,61440000.0,61440000.0,Recorded Baseband-IQ,10-11,153623,,,,
91,unknown,ambient,queen_street,ambient,none,2620000000.0,9000000,1,synthetic_sdr,61440000.0,61440000.0,Recorded Baseband-IQ,10-11,153652,,,,
92,unknown,ambient,queen_street,ambient,none,2620000000.0,9000000,1,synthetic_sdr,61440000.0,61440000.0,Recorded Baseband-IQ,10-11,155016,,,,
93,unknown,ambient,queen_street,ambient,none,2620000000.0,9000000,1,synthetic_sdr,61440000.0,61440000.0,Recorded Baseband-IQ,10-11,155656,,,,
94,unknown,ambient,queen_street,ambient,none,2620000000.0,9000000,1,synthetic_sdr,61440000.0,61440000.0,Recorded Baseband-IQ,10-11,155957,,,,
95,unknown,ambient,queen_street,ambient,none,2620000000.0,9000000,1,synthetic_sdr,61440000.0,61440000.0,Recorded Baseband-IQ,10-11,160237,,,,
96,unknown,ambient,queen_street,ambient,none,2620000000.0,9000000,1,synthetic_sdr,61440000.0,61440000.0,Recorded Baseband-IQ,10-11,160518,,,,
97,unknown,ambient,queen_street,ambient,none,2620000000.0,9000000,1,USRPX300,61440000.0,61440000.0,Recorded Baseband-IQ,10-11,160551,,,,
98,unknown,ambient,queen_street,ambient,none,2620000000.0,9000000,1,synthetic_sdr,61440000.0,61440000.0,Recorded Baseband-IQ,10-11,160653,,,,
99,unknown,ambient,queen_street,ambient,none,2620000000.0,9000000,1,synthetic_sdr,61440000.0,61440000.0,Recorded Baseband-IQ,10-11,161611,,,,
100,unknown,ambient,queen_street,ambient,none,2620000000.0,9000000,1,synthetic_sdr,61440000.0,61440000.0,Recorded Baseband-IQ,10-11,162001,,,,
101,unknown,ambient,queen_street,ambient,none,2620000000.0,9000000,1,synthetic_sdr,61440000.0,61440000.0,Recorded Baseband-IQ,10-11,163700,,,,
102,unknown,ambient,queen_street,ambient,none,2620000000.0,9000000,1,synthetic_sdr,61440000.0,61440000.0,Recorded Baseband-IQ,10-11,164512,,,,
103,unknown,ambient,queen_street_supervisor,ambient,LnC,2620000000.0,6000000,1,BladeRF,60000000.0,60000000.0,Recorded Baseband-IQ,11-06,164618,,,,
104,unknown,ambient,queen_street,ambient,none,2620000000.0,9000000,1,synthetic_sdr,61440000.0,61440000.0,Recorded Baseband-IQ,10-11,164731,,,,
105,unknown,ambient,queen_street_supervisor,ambient,LnC,2620000000.0,6000000,1,USRPX300,60000000.0,60000000.0,Recorded Baseband-IQ,11-06,165214,,,,
106,unknown,ambient,queen_street,ambient,none,2620000000.0,9000000,1,synthetic_sdr,61440000.0,61440000.0,Recorded Baseband-IQ,10-11,165251,,,,
107,unknown,ambient,queen_street,ambient,none,2620000000.0,9000000,1,synthetic_sdr,61440000.0,61440000.0,Recorded Baseband-IQ,10-11,165749,,,,
108,unknown,ambient,queen_street,ambient,none,2620000000.0,9000000,1,synthetic_sdr,61440000.0,61440000.0,Recorded Baseband-IQ,10-11,170033,,,,
109,unknown,ambient,queen_street,ambient,none,2620000000.0,9000000,1,USRPX300,61440000.0,61440000.0,Recorded Baseband-IQ,10-11,170136,,,,
110,unknown,ambient,queen_street,ambient,none,2620000000.0,9000000,1,synthetic_sdr,61440000.0,61440000.0,Recorded Baseband-IQ,10-11,170645,,,,
111,unknown,ambient,queen_street,ambient,none,2620000000.0,9000000,1,synthetic_sdr,61440000.0,61440000.0,Recorded Baseband-IQ,10-11,170928,,,,
112,unknown,ambient,queen_street,ambient,none,2620000000.0,9000000,1,synthetic_sdr,61440000.0,61440000.0,Recorded Baseband-IQ,10-11,171211,,,,
113,unknown,ambient,queen_street,ambient,none,2620000000.0,9000000,1,synthetic_sdr,61440000.0,61440000.0,Recorded Baseband-IQ,10-11,171905,,,,
114,unknown,ambient,queen_street,ambient,none,2620000000.0,9000000,1,synthetic_sdr,61440000.0,61440000.0,Recorded Baseband-IQ,10-11,172326,,,,
115,unknown,ambient,queen_street,ambient,none,2620000000.0,9000000,1,synthetic_sdr,61440000.0,61440000.0,Recorded Baseband-IQ,10-11,172638,,,,
116,unknown,ambient,queen_street,ambient,none,2620000000.0,9000000,1,synthetic_sdr,61440000.0,61440000.0,Recorded Baseband-IQ,10-11,172709,,,,
117,unknown,ambient,queen_street,ambient,none,2620000000.0,9000000,1,synthetic_sdr,61440000.0,61440000.0,Recorded Baseband-IQ,10-11,172819,,,,
118,unknown,ambient,queen_street,ambient,none,2620000000.0,9000000,1,synthetic_sdr,61440000.0,61440000.0,Recorded Baseband-IQ,10-11,172956,,,,
119,unknown,ambient,queen_street,ambient,none,2620000000.0,9000000,1,synthetic_sdr,61440000.0,61440000.0,Recorded Baseband-IQ,10-11,173148,,,,
120,unknown,ambient,queen_street,ambient,none,2620000000.0,9000000,1,synthetic_sdr,61440000.0,61440000.0,Recorded Baseband-IQ,10-11,173450,,,,
121,unknown,ambient,queen_street,ambient,none,2620000000.0,15000000,1,BladeRF,61440000.0,61440000.0,Recorded Baseband-IQ,10-10,214730,,,,
122,unknown,ambient,queen_street,ambient,none,2620000000.0,15000000,1,USRPX300,61440000.0,61440000.0,Recorded Baseband-IQ,10-10,214816,,,,
123,unknown,ambient,queen_street,ambient,none,2620000000.0,9000000,1,synthetic_sdr,61440000.0,61440000.0,Recorded Baseband-IQ,10-11,215131,,,,
124,unknown,ambient,queen_street,ambient,none,2620000000.0,9000000,1,synthetic_sdr,61440000.0,61440000.0,Recorded Baseband-IQ,10-11,215321,,,,
125,unknown,ambient,queen_street,ambient,none,2620000000.0,15000000,1,USRPX300,61440000.0,61440000.0,Recorded Baseband-IQ,10-10,215450,,,,
126,unknown,ambient,queen_street,ambient,none,2620000000.0,15000000,1,USRPX300,61440000.0,61440000.0,Recorded Baseband-IQ,10-10,215558,,,,
127,unknown,ambient,queen_street,ambient,none,2620000000.0,15000000,1,USRPX300,61440000.0,61440000.0,Recorded Baseband-IQ,10-10,220532,,,,
128,unknown,ambient,queen_street,ambient,none,2620000000.0,15000000,1,BladeRF,61440000.0,61440000.0,Recorded Baseband-IQ,10-10,220607,,,,
129,unknown,ambient,queen_street,ambient,none,2620000000.0,15000000,1,USRPX300,61440000.0,61440000.0,Recorded Baseband-IQ,10-10,220627,,,,
130,unknown,ambient,queen_street,ambient,none,2620000000.0,15000000,1,USRPX300,61440000.0,61440000.0,Recorded Baseband-IQ,10-10,220908,,,,
131,unknown,ambient,queen_street,ambient,none,2620000000.0,15000000,1,USRPX300,61440000.0,61440000.0,Recorded Baseband-IQ,10-10,220929,,,,
132,unknown,ambient,queen_street,ambient,none,2620000000.0,9000000,1,synthetic_sdr,61440000.0,61440000.0,Recorded Baseband-IQ,10-11,221146,,,,
133,unknown,ambient,queen_street,ambient,none,2620000000.0,9000000,1,synthetic_sdr,61440000.0,61440000.0,Recorded Baseband-IQ,10-11,221239,,,,
134,unknown,ambient,queen_street,ambient,none,2620000000.0,9000000,1,synthetic_sdr,61440000.0,61440000.0,Recorded Baseband-IQ,10-11,221315,,,,
135,unknown,ambient,queen_street,ambient,none,2620000000.0,15000000,1,USRPX300,25000000.0,25000000.0,Recorded Baseband-IQ,10-10,221537,,,,
136,unknown,ambient,queen_street,ambient,none,2620000000.0,15000000,1,USRPX300,25000000.0,25000000.0,Recorded Baseband-IQ,10-10,221645,,,,
137,unknown,ambient,queen_street,ambient,none,2620000000.0,15000000,1,USRPX300,25000000.0,25000000.0,Recorded Baseband-IQ,10-10,221736,,,,
138,unknown,ambient,queen_street,ambient,none,2620000000.0,15000000,1,USRPX300,25000000.0,25000000.0,Recorded Baseband-IQ,10-10,221821,,,,
139,unknown,ambient,queen_street,ambient,none,2620000000.0,15000000,1,USRPX300,50000000.0,50000000.0,Recorded Baseband-IQ,10-10,221932,,,,
140,unknown,ambient,queen_street,ambient,none,2620000000.0,9000000,1,synthetic_sdr,61440000.0,61440000.0,Recorded Baseband-IQ,10-11,222318,,,,
141,unknown,ambient,queen_street,ambient,none,2620000000.0,9000000,1,synthetic_sdr,61440000.0,61440000.0,Recorded Baseband-IQ,10-11,223331,,,,
142,unknown,ambient,queen_street,ambient,none,2620000000.0,9000000,1,synthetic_sdr,61440000.0,61440000.0,Recorded Baseband-IQ,10-11,223414,,,,
143,unknown,ambient,queen_street,ambient,none,2620000000.0,15000000,1,USRPX300,33000000.0,33000000.0,Recorded Baseband-IQ,10-10,224236,,,,
144,unknown,ambient,queen_street,ambient,none,2620000000.0,9000000,1,synthetic_sdr,61440000.0,61440000.0,Recorded Baseband-IQ,10-11,224746,,,,
145,unknown,ambient,queen_street,ambient,none,2620000000.0,9000000,1,synthetic_sdr,61440000.0,61440000.0,Recorded Baseband-IQ,10-11,225251,,,,
146,unknown,ambient,queen_street,ambient,none,2620000000.0,9000000,1,synthetic_sdr,61440000.0,61440000.0,Recorded Baseband-IQ,10-11,225305,,,,
147,unknown,ambient,queen_street,ambient,none,2620000000.0,9000000,1,synthetic_sdr,61440000.0,61440000.0,Recorded Baseband-IQ,10-11,225340,,,,
148,unknown,ambient,queen_street,ambient,none,2620000000.0,9000000,1,synthetic_sdr,61440000.0,61440000.0,Recorded Baseband-IQ,10-11,225530,,,,
149,unknown,ambient,queen_street,ambient,none,2620000000.0,9000000,1,synthetic_sdr,61440000.0,61440000.0,Recorded Baseband-IQ,10-11,225847,,,,
150,unknown,ambient,queen_street,ambient,none,2620000000.0,15000000,1,USRPX300,30600000.0,30600000.0,Recorded Baseband-IQ,10-10,230139,,,,
151,unknown,ambient,queen_street,ambient,none,2620000000.0,15000000,1,USRPX300,23050000.0,23050000.0,Recorded Baseband-IQ,10-10,230328,,,,
152,unknown,ambient,queen_street,ambient,none,2620000000.0,15000000,1,USRPX300,30720000.0,30720000.0,Recorded Baseband-IQ,10-10,230518,,,,
153,unknown,ambient,queen_street,ambient,none,2620000000.0,15000000,1,USRPX300,30720000.0,30720000.0,Recorded Baseband-IQ,10-10,230629,,,,
154,unknown,ambient,queen_street,ambient,none,2620000000.0,15000000,1,USRPX300,30720000.0,30720000.0,Recorded Baseband-IQ,10-10,230701,,,,
155,unknown,ambient,queen_street,ambient,none,2620000000.0,15000000,1,USRPX300,30720000.0,30720000.0,Recorded Baseband-IQ,10-10,230826,,,,
156,unknown,ambient,queen_street,ambient,none,2620000000.0,15000000,1,USRPX300,23050000.0,23050000.0,Recorded Baseband-IQ,10-10,231042,,,,
157,unknown,ambient,queen_street,ambient,none,2620000000.0,15000000,1,USRPX300,24000000.0,24000000.0,Recorded Baseband-IQ,10-10,231122,,,,
158,unknown,ambient,queen_street,ambient,none,2620000000.0,15000000,1,USRPX300,24600000.0,24600000.0,Recorded Baseband-IQ,10-10,231140,,,,
159,unknown,ambient,queen_street,ambient,none,2620000000.0,9000000,1,synthetic_sdr,61440000.0,61440000.0,Recorded Baseband-IQ,10-11,231148,,,,
160,unknown,ambient,queen_street,ambient,none,2620000000.0,9000000,1,synthetic_sdr,61440000.0,61440000.0,Recorded Baseband-IQ,10-11,231328,,,,
161,unknown,ambient,queen_street,ambient,none,2620000000.0,9000000,1,synthetic_sdr,61440000.0,61440000.0,Recorded Baseband-IQ,10-11,231437,,,,
162,unknown,ambient,queen_street,ambient,none,2620000000.0,9000000,1,synthetic_sdr,61440000.0,61440000.0,Recorded Baseband-IQ,10-11,231518,,,,
163,unknown,ambient,queen_street,ambient,none,2620000000.0,15000000,1,USRPX300,24600000.0,24600000.0,Recorded Baseband-IQ,10-10,231539,,,,
164,unknown,ambient,queen_street,ambient,none,2620000000.0,9000000,1,synthetic_sdr,61440000.0,61440000.0,Recorded Baseband-IQ,10-11,231645,,,,
165,unknown,ambient,queen_street,ambient,none,2620000000.0,9000000,1,synthetic_sdr,61440000.0,61440000.0,Recorded Baseband-IQ,10-11,232202,,,,
166,unknown,ambient,queen_street,ambient,none,2620000000.0,9000000,1,synthetic_sdr,61440000.0,61440000.0,Recorded Baseband-IQ,10-11,232449,,,,
167,unknown,ambient,queen_street,ambient,none,2620000000.0,9000000,1,synthetic_sdr,61440000.0,61440000.0,Recorded Baseband-IQ,10-11,232707,,,,
168,unknown,ambient,queen_street,ambient,none,2620000000.0,9000000,1,synthetic_sdr,61440000.0,61440000.0,Recorded Baseband-IQ,10-11,232846,,,,
169,unknown,ambient,queen_street,ambient,none,2620000000.0,15000000,1,USRPX300,61440000.0,61440000.0,Recorded Baseband-IQ,10-10,233530,,,,
170,unknown,ambient,queen_street,ambient,none,2620000000.0,15000000,1,USRPX300,61440000.0,61440000.0,Recorded Baseband-IQ,10-10,233618,,,,
171,unknown,ambient,queen_street,ambient,none,2620000000.0,15000000,1,USRPX300,61440000.0,61440000.0,Recorded Baseband-IQ,10-10,233725,,,,
172,unknown,ambient,queen_street,ambient,none,2620000000.0,9000000,1,synthetic_sdr,61440000.0,61440000.0,Recorded Baseband-IQ,10-11,234349,,,,
173,unknown,ambient,queen_street,ambient,none,2620000000.0,9000000,1,synthetic_sdr,61440000.0,61440000.0,Recorded Baseband-IQ,10-11,234519,,,,
174,unknown,ambient,queen_street,ambient,none,2620000000.0,9000000,1,synthetic_sdr,61440000.0,61440000.0,Recorded Baseband-IQ,10-11,234705,,,,
175,unknown,ambient,queen_street,ambient,none,2620000000.0,9000000,1,synthetic_sdr,61440000.0,61440000.0,Recorded Baseband-IQ,10-11,234909,,,,
176,unknown,ambient,queen_street,ambient,none,2620000000.0,150000,1,USRPX300,61440000.0,61440000.0,Recorded Baseband-IQ,10-10,235038,,,,
177,unknown,ambient,queen_street,ambient,none,2620000000.0,9000000,1,USRPX300,61440000.0,61440000.0,Recorded Baseband-IQ,10-11,235044,,,,
178,unknown,ambient,queen_street,ambient,none,2620000000.0,1500000,1,USRPX300,61440000.0,61440000.0,Recorded Baseband-IQ,10-10,235144,,,,
179,unknown,ambient,queen_street,ambient,none,2620000000.0,1500000,1,USRPX300,61440000.0,61440000.0,Recorded Baseband-IQ,10-10,235437,,,,
180,unknown,ambient,queen_street,ambient,none,2620000000.0,1500000,1,USRPX300,61440000.0,61440000.0,Recorded Baseband-IQ,10-10,235548,,,,
181,unknown,ambient,queen_street,ambient,none,2620000000.0,1500000,1,USRPX300,61440000.0,61440000.0,Recorded Baseband-IQ,10-10,235704,,,,
182,unknown,ambient,queen_street,ambient,none,2620000000.0,1500000,1,USRPX300,61440000.0,61440000.0,Recorded Baseband-IQ,10-10,235742,,,,
183,unknown,ambient,queen_street,ambient,none,2620000000.0,9000000,1,USRPX300,61440000.0,61440000.0,Recorded Baseband-IQ,10-11,235828,,,,
184,unknown,ambient,queen_street,ambient,none,2620000000.0,1500000,1,USRPX300,61440000.0,61440000.0,Recorded Baseband-IQ,10-10,235835,,,,
185,unknown,ambient,queen_street,ambient,none,2620000000.0,9000000,1,synthetic_sdr,61440000.0,61440000.0,Recorded Baseband-IQ,10-11,235924,,,,
186,unknown,ambient,queen_street_supervisor,ambient,LnC,2623333333.0,2000000,1,BladeRF,20000000.0,20000000.0,Recorded Baseband-IQ,11-06,164549,,,,
187,unknown,ambient,queen_street_supervisor,ambient,LnC,2623333333.0,4000000,1,BladeRF,40000000.0,40000000.0,Recorded Baseband-IQ,11-06,164606,,,,
188,unknown,ambient,queen_street_supervisor,ambient,LnC,2623333333.0,2000000,1,USRPX300,20000000.0,20000000.0,Recorded Baseband-IQ,11-06,165138,,,,
189,unknown,ambient,queen_street_supervisor,ambient,LnC,2623333333.0,4000000,1,USRPX300,40000000.0,40000000.0,Recorded Baseband-IQ,11-06,165158,,,,
190,unknown,ambient,queen_street_supervisor,ambient,LnC,2626666666.0,1000000,1,BladeRF,10000000.0,10000000.0,Recorded Baseband-IQ,11-06,164516,,,,
191,unknown,ambient,queen_street_supervisor,ambient,LnC,2626666666.0,1000000,1,BladeRF,10000000.0,10000000.0,Recorded Baseband-IQ,11-06,164532,,,,
192,unknown,ambient,queen_street_supervisor,ambient,LnC,2626666666.0,2000000,1,BladeRF,20000000.0,20000000.0,Recorded Baseband-IQ,11-06,164552,,,,
193,unknown,ambient,queen_street_supervisor,ambient,LnC,2626666666.0,1000000,1,USRPX300,10000000.0,10000000.0,Recorded Baseband-IQ,11-06,165122,,,,
194,unknown,ambient,queen_street_supervisor,ambient,LnC,2626666666.0,2000000,1,USRPX300,20000000.0,20000000.0,Recorded Baseband-IQ,11-06,165141,,,,
195,unknown,ambient,queen_street_supervisor,ambient,LnC,2628333333.0,1000000,1,BladeRF,10000000.0,10000000.0,Recorded Baseband-IQ,11-06,164536,,,,
196,unknown,ambient,queen_street_supervisor,ambient,LnC,2628333333.0,1000000,1,USRPX300,10000000.0,10000000.0,Recorded Baseband-IQ,11-06,165125,,,,
197,unknown,ambient,queen_street_supervisor,ambient,LnC,2630000000.0,1000000,1,BladeRF,10000000.0,10000000.0,Recorded Baseband-IQ,11-06,164539,,,,
198,unknown,ambient,queen_street_supervisor,ambient,LnC,2630000000.0,2000000,1,BladeRF,20000000.0,20000000.0,Recorded Baseband-IQ,11-06,164555,,,,
199,unknown,ambient,queen_street_supervisor,ambient,LnC,2630000000.0,4000000,1,BladeRF,40000000.0,40000000.0,Recorded Baseband-IQ,11-06,164608,,,,
200,unknown,ambient,queen_street_supervisor,ambient,LnC,2630000000.0,6000000,1,BladeRF,60000000.0,60000000.0,Recorded Baseband-IQ,11-06,164621,,,,
201,unknown,ambient,queen_street_supervisor,ambient,LnC,2630000000.0,1000000,1,USRPX300,10000000.0,10000000.0,Recorded Baseband-IQ,11-06,165128,,,,
202,unknown,ambient,queen_street_supervisor,ambient,LnC,2630000000.0,2000000,1,USRPX300,20000000.0,20000000.0,Recorded Baseband-IQ,11-06,165145,,,,
203,unknown,ambient,queen_street_supervisor,ambient,LnC,2630000000.0,4000000,1,USRPX300,40000000.0,40000000.0,Recorded Baseband-IQ,11-06,165201,,,,
204,unknown,ambient,queen_street_supervisor,ambient,LnC,2630000000.0,6000000,1,USRPX300,60000000.0,60000000.0,Recorded Baseband-IQ,11-06,165217,,,,
205,unknown,ambient,queen_street_supervisor,ambient,LnC,2631666666.0,1000000,1,BladeRF,10000000.0,10000000.0,Recorded Baseband-IQ,11-06,164543,,,,
206,unknown,ambient,queen_street_supervisor,ambient,LnC,2631666666.0,1000000,1,USRPX300,10000000.0,10000000.0,Recorded Baseband-IQ,11-06,165132,,,,
207,unknown,ambient,queen_street_supervisor,ambient,LnC,2633333333.0,1000000,1,BladeRF,10000000.0,10000000.0,Recorded Baseband-IQ,11-06,164546,,,,
208,unknown,ambient,queen_street_supervisor,ambient,LnC,2633333333.0,2000000,1,BladeRF,20000000.0,20000000.0,Recorded Baseband-IQ,11-06,164558,,,,
209,unknown,ambient,queen_street_supervisor,ambient,LnC,2633333333.0,1000000,1,USRPX300,10000000.0,10000000.0,Recorded Baseband-IQ,11-06,165135,,,,
210,unknown,ambient,queen_street_supervisor,ambient,LnC,2633333333.0,2000000,1,USRPX300,20000000.0,20000000.0,Recorded Baseband-IQ,11-06,165148,,,,
211,unknown,ambient,queen_street_supervisor,ambient,LnC,2636666666.0,2000000,1,BladeRF,20000000.0,20000000.0,Recorded Baseband-IQ,11-06,164600,,,,
212,unknown,ambient,queen_street_supervisor,ambient,LnC,2636666666.0,4000000,1,BladeRF,40000000.0,40000000.0,Recorded Baseband-IQ,11-06,164611,,,,
213,unknown,ambient,queen_street_supervisor,ambient,LnC,2636666666.0,2000000,1,USRPX300,20000000.0,20000000.0,Recorded Baseband-IQ,11-06,165151,,,,
214,unknown,ambient,queen_street_supervisor,ambient,LnC,2636666666.0,4000000,1,USRPX300,40000000.0,40000000.0,Recorded Baseband-IQ,11-06,165204,,,,
215,unknown,ambient,queen_street_supervisor,ambient,LnC,2640000000.0,6000000,1,BladeRF,60000000.0,60000000.0,Recorded Baseband-IQ,11-06,164623,,,,
216,unknown,ambient,queen_street_supervisor,ambient,LnC,2640000000.0,6000000,1,USRPX300,60000000.0,60000000.0,Recorded Baseband-IQ,11-06,165220,,,,
217,unknown,ambient,queen_street_supervisor,ambient,LnC,2643333333.0,4000000,1,BladeRF,40000000.0,40000000.0,Recorded Baseband-IQ,11-06,164613,,,,
218,unknown,ambient,queen_street_supervisor,ambient,LnC,2643333333.0,4000000,1,USRPX300,40000000.0,40000000.0,Recorded Baseband-IQ,11-06,165207,,,,
219,unknown,ambient,queen_street_supervisor,ambient,LnC,2650000000.0,6000000,1,BladeRF,60000000.0,60000000.0,Recorded Baseband-IQ,11-06,164626,,,,
220,unknown,ambient,queen_street_supervisor,ambient,LnC,2650000000.0,6000000,1,USRPX300,60000000.0,60000000.0,Recorded Baseband-IQ,11-06,165223,,,,
221,5G20,video_streaming,riaran_gnodeb,gnb_pixel,RIARAN,3775000000.0,1996000,1,USRP_X310_gnodeb,,,Recorded Baseband-IQ,01-11,045318,qoherent,23040000.0,,
222,5G20,video_streaming,riaran_gnodeb,gnb_pixel,RIARAN,3775000000.0,1996000,1,USRP_X310_gnodeb,,,Recorded Baseband-IQ,01-11,045319,qoherent,23040000.0,,
223,5G20,video_streaming,riaran_gnodeb,gnb_pixel,RIARAN,3775000000.0,1996000,1,USRP_X310_gnodeb,,,Recorded Baseband-IQ,01-11,045320,qoherent,23040000.0,,
224,5G20,video_streaming,riaran_gnodeb,gnb_pixel,RIARAN,3775000000.0,1996000,1,USRP_X310_gnodeb,,,Recorded Baseband-IQ,01-11,045321,qoherent,23040000.0,,
225,5G20,video_streaming,riaran_gnodeb,gnb_pixel,RIARAN,3775000000.0,1996000,1,USRP_X310_gnodeb,,,Recorded Baseband-IQ,01-11,045322,qoherent,23040000.0,,
226,5G20,video_streaming,riaran_gnodeb,gnb_pixel,RIARAN,3775000000.0,1996000,1,USRP_X310_gnodeb,,,Recorded Baseband-IQ,01-11,045323,qoherent,23040000.0,,
227,5G20,video_streaming,riaran_gnodeb,gnb_pixel,RIARAN,3775000000.0,1996000,1,USRP_X310_gnodeb,,,Recorded Baseband-IQ,01-11,045324,qoherent,23040000.0,,
228,5G20,video_streaming,riaran_gnodeb,gnb_pixel,RIARAN,3775000000.0,1996000,1,USRP_X310_gnodeb,,,Recorded Baseband-IQ,01-11,045325,qoherent,23040000.0,,
229,5G20,video_streaming,riaran_gnodeb,gnb_pixel,RIARAN,3775000000.0,1996000,1,USRP_X310_gnodeb,,,Recorded Baseband-IQ,01-11,045326,qoherent,23040000.0,,
230,5G20,video_streaming,riaran_gnodeb,gnb_pixel,RIARAN,3775000000.0,1996000,1,USRP_X310_gnodeb,,,Recorded Baseband-IQ,01-11,045327,qoherent,23040000.0,,
231,5G20,ambient,riaran_gnodeb,gnb_pixel,RIARAN,3775000000.0,1996000,1,USRP_X310_gnodeb,,,Recorded Baseband-IQ,01-11,044553,qoherent,23040000.0,,
232,5G20,ambient,riaran_gnodeb,gnb_pixel,RIARAN,3775000000.0,1996000,1,USRP_X310_gnodeb,,,Recorded Baseband-IQ,01-11,044554,qoherent,23040000.0,,
233,5G20,ambient,riaran_gnodeb,gnb_pixel,RIARAN,3775000000.0,1996000,1,USRP_X310_gnodeb,,,Recorded Baseband-IQ,01-11,044555,qoherent,23040000.0,,
234,5G20,ambient,riaran_gnodeb,gnb_pixel,RIARAN,3775000000.0,1996000,1,USRP_X310_gnodeb,,,Recorded Baseband-IQ,01-11,044556,qoherent,23040000.0,,
235,5G20,ambient,riaran_gnodeb,gnb_pixel,RIARAN,3775000000.0,1996000,1,USRP_X310_gnodeb,,,Recorded Baseband-IQ,01-11,044557,qoherent,23040000.0,,
236,5G20,ambient,riaran_gnodeb,gnb_pixel,RIARAN,3775000000.0,1996000,1,USRP_X310_gnodeb,,,Recorded Baseband-IQ,01-11,044558,qoherent,23040000.0,,
237,5G20,ambient,riaran_gnodeb,gnb_pixel,RIARAN,3775000000.0,1996000,1,USRP_X310_gnodeb,,,Recorded Baseband-IQ,01-11,044559,qoherent,23040000.0,,
238,5G20,ambient,riaran_gnodeb,gnb_pixel,RIARAN,3775000000.0,1996000,1,USRP_X310_gnodeb,,,Recorded Baseband-IQ,01-11,044600,qoherent,23040000.0,,
239,5G20,ambient,riaran_gnodeb,gnb_pixel,RIARAN,3775000000.0,1996000,1,USRP_X310_gnodeb,,,Recorded Baseband-IQ,01-11,044601,qoherent,23040000.0,,
240,5G20,ambient,riaran_gnodeb,gnb_pixel,RIARAN,3775000000.0,1996000,1,USRP_X310_gnodeb,,,Recorded Baseband-IQ,01-11,044602,qoherent,23040000.0,,
241,5G20,meeting,riaran_gnodeb,gnb_pixel,RIARAN,3775000000.0,1996000,1,USRP_X310_gnodeb,,,Recorded Baseband-IQ,01-11,051704,qoherent,23040000.0,,
242,5G20,meeting,riaran_gnodeb,gnb_pixel,RIARAN,3775000000.0,1996000,1,USRP_X310_gnodeb,,,Recorded Baseband-IQ,01-11,051705,qoherent,23040000.0,,
243,5G20,meeting,riaran_gnodeb,gnb_pixel,RIARAN,3775000000.0,1996000,1,USRP_X310_gnodeb,,,Recorded Baseband-IQ,01-11,051706,qoherent,23040000.0,,
244,5G20,meeting,riaran_gnodeb,gnb_pixel,RIARAN,3775000000.0,1996000,1,USRP_X310_gnodeb,,,Recorded Baseband-IQ,01-11,051707,qoherent,23040000.0,,
245,5G20,meeting,riaran_gnodeb,gnb_pixel,RIARAN,3775000000.0,1996000,1,USRP_X310_gnodeb,,,Recorded Baseband-IQ,01-11,051708,qoherent,23040000.0,,
246,5G20,meeting,riaran_gnodeb,gnb_pixel,RIARAN,3775000000.0,1996000,1,USRP_X310_gnodeb,,,Recorded Baseband-IQ,01-11,051709,qoherent,23040000.0,,
247,5G20,meeting,riaran_gnodeb,gnb_pixel,RIARAN,3775000000.0,1996000,1,USRP_X310_gnodeb,,,Recorded Baseband-IQ,01-11,051710,qoherent,23040000.0,,
248,5G20,meeting,riaran_gnodeb,gnb_pixel,RIARAN,3775000000.0,1996000,1,USRP_X310_gnodeb,,,Recorded Baseband-IQ,01-11,051711,qoherent,23040000.0,,
249,5G20,meeting,riaran_gnodeb,gnb_pixel,RIARAN,3775000000.0,1996000,1,USRP_X310_gnodeb,,,Recorded Baseband-IQ,01-11,051712,qoherent,23040000.0,,
250,5G20,meeting,riaran_gnodeb,gnb_pixel,RIARAN,3775000000.0,1996000,1,USRP_X310_gnodeb,,,Recorded Baseband-IQ,01-11,051713,qoherent,23040000.0,,
251,5G20,meeting,riaran_gnodeb,gnb_pixel,RIARAN,3775000000.0,1996000,1,USRP_X310_gnodeb,,,Recorded Baseband-IQ,01-11,051714,qoherent,23040000.0,,
252,5G20,meeting,riaran_gnodeb,gnb_pixel,RIARAN,3775000000.0,1996000,1,USRP_X310_gnodeb,,,Recorded Baseband-IQ,01-11,051715,qoherent,23040000.0,,
253,5G40,video_streaming,riaran_gnodeb,gnb_pixel,RIARAN,3775000000.0,1996000,1,USRP_X310_gnodeb,,,Recorded Baseband-IQ,01-11,053601,qoherent,46080000.0,,
254,5G40,video_streaming,riaran_gnodeb,gnb_pixel,RIARAN,3775000000.0,1996000,1,USRP_X310_gnodeb,,,Recorded Baseband-IQ,01-11,053602,qoherent,46080000.0,,
255,5G40,video_streaming,riaran_gnodeb,gnb_pixel,RIARAN,3775000000.0,1996000,1,USRP_X310_gnodeb,,,Recorded Baseband-IQ,01-11,053603,qoherent,46080000.0,,
256,5G40,video_streaming,riaran_gnodeb,gnb_pixel,RIARAN,3775000000.0,1996000,1,USRP_X310_gnodeb,,,Recorded Baseband-IQ,01-11,053604,qoherent,46080000.0,,
257,5G40,video_streaming,riaran_gnodeb,gnb_pixel,RIARAN,3775000000.0,1996000,1,USRP_X310_gnodeb,,,Recorded Baseband-IQ,01-11,053605,qoherent,46080000.0,,
258,5G40,video_streaming,riaran_gnodeb,gnb_pixel,RIARAN,3775000000.0,1996000,1,USRP_X310_gnodeb,,,Recorded Baseband-IQ,01-11,053606,qoherent,46080000.0,,
259,5G40,video_streaming,riaran_gnodeb,gnb_pixel,RIARAN,3775000000.0,1996000,1,USRP_X310_gnodeb,,,Recorded Baseband-IQ,01-11,053607,qoherent,46080000.0,,
260,5G40,video_streaming,riaran_gnodeb,gnb_pixel,RIARAN,3775000000.0,1996000,1,USRP_X310_gnodeb,,,Recorded Baseband-IQ,01-11,053608,qoherent,46080000.0,,
261,5G40,video_streaming,riaran_gnodeb,gnb_pixel,RIARAN,3775000000.0,1996000,1,USRP_X310_gnodeb,,,Recorded Baseband-IQ,01-11,053609,qoherent,46080000.0,,
262,5G40,video_streaming,riaran_gnodeb,gnb_pixel,RIARAN,3775000000.0,1996000,1,USRP_X310_gnodeb,,,Recorded Baseband-IQ,01-11,053610,qoherent,46080000.0,,
263,5G40,ambient,riaran_gnodeb,gnb_pixel,RIARAN,3775000000.0,1996000,1,USRP_X310_gnodeb,,,Recorded Baseband-IQ,01-11,053141,qoherent,46080000.0,,
264,5G40,ambient,riaran_gnodeb,gnb_pixel,RIARAN,3775000000.0,1996000,1,USRP_X310_gnodeb,,,Recorded Baseband-IQ,01-11,053142,qoherent,46080000.0,,
265,5G40,ambient,riaran_gnodeb,gnb_pixel,RIARAN,3775000000.0,1996000,1,USRP_X310_gnodeb,,,Recorded Baseband-IQ,01-11,053143,qoherent,46080000.0,,
266,5G40,ambient,riaran_gnodeb,gnb_pixel,RIARAN,3775000000.0,1996000,1,USRP_X310_gnodeb,,,Recorded Baseband-IQ,01-11,053144,qoherent,46080000.0,,
267,5G40,ambient,riaran_gnodeb,gnb_pixel,RIARAN,3775000000.0,1996000,1,USRP_X310_gnodeb,,,Recorded Baseband-IQ,01-11,053145,qoherent,46080000.0,,
268,5G40,ambient,riaran_gnodeb,gnb_pixel,RIARAN,3775000000.0,1996000,1,USRP_X310_gnodeb,,,Recorded Baseband-IQ,01-11,053146,qoherent,46080000.0,,
269,5G40,ambient,riaran_gnodeb,gnb_pixel,RIARAN,3775000000.0,1996000,1,USRP_X310_gnodeb,,,Recorded Baseband-IQ,01-11,053147,qoherent,46080000.0,,
270,5G40,ambient,riaran_gnodeb,gnb_pixel,RIARAN,3775000000.0,1996000,1,USRP_X310_gnodeb,,,Recorded Baseband-IQ,01-11,053148,qoherent,46080000.0,,
271,5G40,ambient,riaran_gnodeb,gnb_pixel,RIARAN,3775000000.0,1996000,1,USRP_X310_gnodeb,,,Recorded Baseband-IQ,01-11,053149,qoherent,46080000.0,,
272,5G40,ambient,riaran_gnodeb,gnb_pixel,RIARAN,3775000000.0,1996000,1,USRP_X310_gnodeb,,,Recorded Baseband-IQ,01-11,053150,qoherent,46080000.0,,
273,5G40,meeting,riaran_gnodeb,gnb_pixel,RIARAN,3775000000.0,1996000,1,USRP_X310_gnodeb,,,Recorded Baseband-IQ,01-11,053841,qoherent,46080000.0,,
274,5G40,meeting,riaran_gnodeb,gnb_pixel,RIARAN,3775000000.0,1996000,1,USRP_X310_gnodeb,,,Recorded Baseband-IQ,01-11,053842,qoherent,46080000.0,,
275,5G40,meeting,riaran_gnodeb,gnb_pixel,RIARAN,3775000000.0,1996000,1,USRP_X310_gnodeb,,,Recorded Baseband-IQ,01-11,053843,qoherent,46080000.0,,
276,5G40,meeting,riaran_gnodeb,gnb_pixel,RIARAN,3775000000.0,1996000,1,USRP_X310_gnodeb,,,Recorded Baseband-IQ,01-11,053844,qoherent,46080000.0,,
277,5G40,meeting,riaran_gnodeb,gnb_pixel,RIARAN,3775000000.0,1996000,1,USRP_X310_gnodeb,,,Recorded Baseband-IQ,01-11,053845,qoherent,46080000.0,,
278,5G40,meeting,riaran_gnodeb,gnb_pixel,RIARAN,3775000000.0,1996000,1,USRP_X310_gnodeb,,,Recorded Baseband-IQ,01-11,053846,qoherent,46080000.0,,
279,5G40,meeting,riaran_gnodeb,gnb_pixel,RIARAN,3775000000.0,1996000,1,USRP_X310_gnodeb,,,Recorded Baseband-IQ,01-11,053847,qoherent,46080000.0,,
280,5G40,meeting,riaran_gnodeb,gnb_pixel,RIARAN,3775000000.0,1996000,1,USRP_X310_gnodeb,,,Recorded Baseband-IQ,01-11,053848,qoherent,46080000.0,,
281,5G40,meeting,riaran_gnodeb,gnb_pixel,RIARAN,3775000000.0,1996000,1,USRP_X310_gnodeb,,,Recorded Baseband-IQ,01-11,053849,qoherent,46080000.0,,
282,5G40,meeting,riaran_gnodeb,gnb_pixel,RIARAN,3775000000.0,1996000,1,USRP_X310_gnodeb,,,Recorded Baseband-IQ,01-11,053850,qoherent,46080000.0,,
283,5G60,video_streaming,riaran_gnodeb,gnb_pixel,RIARAN,3775000000.0,1996000,1,USRP_X310_gnodeb,,,Recorded Baseband-IQ,01-11,055313,qoherent,61440000.0,,
284,5G60,video_streaming,riaran_gnodeb,gnb_pixel,RIARAN,3775000000.0,1996000,1,USRP_X310_gnodeb,,,Recorded Baseband-IQ,01-11,055314,qoherent,61440000.0,,
285,5G60,video_streaming,riaran_gnodeb,gnb_pixel,RIARAN,3775000000.0,1996000,1,USRP_X310_gnodeb,,,Recorded Baseband-IQ,01-11,055315,qoherent,61440000.0,,
286,5G60,video_streaming,riaran_gnodeb,gnb_pixel,RIARAN,3775000000.0,1996000,1,USRP_X310_gnodeb,,,Recorded Baseband-IQ,01-11,055316,qoherent,61440000.0,,
287,5G60,video_streaming,riaran_gnodeb,gnb_pixel,RIARAN,3775000000.0,1996000,1,USRP_X310_gnodeb,,,Recorded Baseband-IQ,01-11,055317,qoherent,61440000.0,,
288,5G60,video_streaming,riaran_gnodeb,gnb_pixel,RIARAN,3775000000.0,1996000,1,USRP_X310_gnodeb,,,Recorded Baseband-IQ,01-11,055318,qoherent,61440000.0,,
289,5G60,video_streaming,riaran_gnodeb,gnb_pixel,RIARAN,3775000000.0,1996000,1,USRP_X310_gnodeb,,,Recorded Baseband-IQ,01-11,055320,qoherent,61440000.0,,
290,5G60,video_streaming,riaran_gnodeb,gnb_pixel,RIARAN,3775000000.0,1996000,1,USRP_X310_gnodeb,,,Recorded Baseband-IQ,01-11,055321,qoherent,61440000.0,,
291,5G60,video_streaming,riaran_gnodeb,gnb_pixel,RIARAN,3775000000.0,1996000,1,USRP_X310_gnodeb,,,Recorded Baseband-IQ,01-11,055322,qoherent,61440000.0,,
292,5G60,ambient,riaran_gnodeb,gnb_pixel,RIARAN,3775000000.0,1996000,1,USRP_X310_gnodeb,,,Recorded Baseband-IQ,01-11,055203,qoherent,61440000.0,,
293,5G60,ambient,riaran_gnodeb,gnb_pixel,RIARAN,3775000000.0,1996000,1,USRP_X310_gnodeb,,,Recorded Baseband-IQ,01-11,055204,qoherent,61440000.0,,
294,5G60,ambient,riaran_gnodeb,gnb_pixel,RIARAN,3775000000.0,1996000,1,USRP_X310_gnodeb,,,Recorded Baseband-IQ,01-11,055205,qoherent,61440000.0,,
295,5G60,ambient,riaran_gnodeb,gnb_pixel,RIARAN,3775000000.0,1996000,1,USRP_X310_gnodeb,,,Recorded Baseband-IQ,01-11,055206,qoherent,61440000.0,,
296,5G60,ambient,riaran_gnodeb,gnb_pixel,RIARAN,3775000000.0,1996000,1,USRP_X310_gnodeb,,,Recorded Baseband-IQ,01-11,055207,qoherent,61440000.0,,
297,5G60,ambient,riaran_gnodeb,gnb_pixel,RIARAN,3775000000.0,1996000,1,USRP_X310_gnodeb,,,Recorded Baseband-IQ,01-11,055208,qoherent,61440000.0,,
298,5G60,ambient,riaran_gnodeb,gnb_pixel,RIARAN,3775000000.0,1996000,1,USRP_X310_gnodeb,,,Recorded Baseband-IQ,01-11,055209,qoherent,61440000.0,,
299,5G60,ambient,riaran_gnodeb,gnb_pixel,RIARAN,3775000000.0,1996000,1,USRP_X310_gnodeb,,,Recorded Baseband-IQ,01-11,055210,qoherent,61440000.0,,
300,5G60,ambient,riaran_gnodeb,gnb_pixel,RIARAN,3775000000.0,1996000,1,USRP_X310_gnodeb,,,Recorded Baseband-IQ,01-11,055211,qoherent,61440000.0,,
301,5G60,ambient,riaran_gnodeb,gnb_pixel,RIARAN,3775000000.0,1996000,1,USRP_X310_gnodeb,,,Recorded Baseband-IQ,01-11,055212,qoherent,61440000.0,,
302,5G60,meeting,riaran_gnodeb,gnb_pixel,RIARAN,3775000000.0,1996000,1,USRP_X310_gnodeb,,,Recorded Baseband-IQ,01-11,054657,qoherent,61440000.0,,
303,5G60,meeting,riaran_gnodeb,gnb_pixel,RIARAN,3775000000.0,1996000,1,USRP_X310_gnodeb,,,Recorded Baseband-IQ,01-11,054658,qoherent,61440000.0,,
304,5G60,meeting,riaran_gnodeb,gnb_pixel,RIARAN,3775000000.0,1996000,1,USRP_X310_gnodeb,,,Recorded Baseband-IQ,01-11,054659,qoherent,61440000.0,,
305,5G60,meeting,riaran_gnodeb,gnb_pixel,RIARAN,3775000000.0,1996000,1,USRP_X310_gnodeb,,,Recorded Baseband-IQ,01-11,054700,qoherent,61440000.0,,
306,5G60,meeting,riaran_gnodeb,gnb_pixel,RIARAN,3775000000.0,1996000,1,USRP_X310_gnodeb,,,Recorded Baseband-IQ,01-11,054701,qoherent,61440000.0,,
307,5G60,meeting,riaran_gnodeb,gnb_pixel,RIARAN,3775000000.0,1996000,1,USRP_X310_gnodeb,,,Recorded Baseband-IQ,01-11,054702,qoherent,61440000.0,,
308,5G60,meeting,riaran_gnodeb,gnb_pixel,RIARAN,3775000000.0,1996000,1,USRP_X310_gnodeb,,,Recorded Baseband-IQ,01-11,054703,qoherent,61440000.0,,
309,5G60,meeting,riaran_gnodeb,gnb_pixel,RIARAN,3775000000.0,1996000,1,USRP_X310_gnodeb,,,Recorded Baseband-IQ,01-11,054704,qoherent,61440000.0,,
310,5G60,meeting,riaran_gnodeb,gnb_pixel,RIARAN,3775000000.0,1996000,1,USRP_X310_gnodeb,,,Recorded Baseband-IQ,01-11,054705,qoherent,61440000.0,,
311,5G60,meeting,riaran_gnodeb,gnb_pixel,RIARAN,3775000000.0,1996000,1,USRP_X310_gnodeb,,,Recorded Baseband-IQ,01-11,054706,qoherent,61440000.0,,
312,5G20,download,ENCQOR,basestation,ENCQOR,3440,16834528,4,ThinkRF R5550-427,125000000.0,31250000.0,Recorded,2021-12-02,124743,,,256,65504.0
313,5G40,download,ENCQOR,"basestation,UE",ENCQOR,3440,13100800,1,ThinkRF R5550-427,125000000.0,125000000.0,Recorded,2021-12-20,113726,,,200,65504.0
314,5G40,upload,ENCQOR,UE,ENCQOR,3440,13100800,1,ThinkRF R5550-427,125000000.0,125000000.0,Recorded,2021-12-20,114050,,,200,65504.0
315,5G40,upload,ENCQOR,UE,ENCQOR,3440,13100800,1,ThinkRF R5550-427,125000000.0,125000000.0,Recorded,2021-12-20,114322,,,200,65504.0
316,5G40,upload,ENCQOR,UE,ENCQOR,3440,13100800,1,ThinkRF R5550-427,125000000.0,125000000.0,Recorded,2021-12-20,114426,,,200,65504.0
317,5G40,upload,ENCQOR,UE,ENCQOR,3440,13100800,1,ThinkRF R5550-427,125000000.0,125000000.0,Recorded,2021-12-20,114531,,,200,65504.0
318,5G40,upload,ENCQOR,UE,ENCQOR,3440,13100800,1,ThinkRF R5550-427,125000000.0,125000000.0,Recorded,2021-12-20,114648,,,200,65504.0
319,5G40,upload,ENCQOR,UE,ENCQOR,3440,13100800,1,ThinkRF R5550-427,125000000.0,125000000.0,Recorded,2021-12-20,114750,,,200,65504.0
320,5G40,upload,ENCQOR,UE,ENCQOR,3440,32752000,1,ThinkRF R5550-427,125000000.0,125000000.0,Recorded,2021-12-20,115011,,,500,65504.0
321,5G40,upload,ENCQOR,UE,ENCQOR,3440,32752000,1,ThinkRF R5550-427,125000000.0,125000000.0,Recorded,2021-12-20,115556,,,500,65504.0
322,5G40,upload,ENCQOR,UE,ENCQOR,3440,32752000,1,ThinkRF R5550-427,125000000.0,125000000.0,Recorded,2021-12-20,115816,,,500,65504.0
323,5G40,upload,ENCQOR,UE,ENCQOR,3440,32752000,1,ThinkRF R5550-427,125000000.0,125000000.0,Recorded,2021-12-20,120036,,,500,65504.0
324,5G40,upload,ENCQOR,UE,ENCQOR,3440,32752000,1,ThinkRF R5550-427,125000000.0,125000000.0,Recorded,2021-12-20,120222,,,500,65504.0
325,5G40,download,ENCQOR,"basestation,UE",ENCQOR,3440,32752000,1,ThinkRF R5550-427,125000000.0,125000000.0,Recorded,2021-12-20,120421,,,500,65504.0
326,5G40,download,ENCQOR,"basestation,UE",ENCQOR,3440,32752000,1,ThinkRF R5550-427,125000000.0,125000000.0,Recorded,2021-12-20,120558,,,500,65504.0
327,5G40,download,ENCQOR,"basestation,UE",ENCQOR,3440,32752000,1,ThinkRF R5550-427,125000000.0,125000000.0,Recorded,2021-12-20,120736,,,500,65504.0
328,5G40,download,ENCQOR,"basestation,UE",ENCQOR,3440,32752000,1,ThinkRF R5550-427,125000000.0,125000000.0,Recorded,2021-12-20,120911,,,500,65504.0
329,5G40,download,ENCQOR,"basestation,UE",ENCQOR,3440,32752000,1,ThinkRF R5550-427,125000000.0,125000000.0,Recorded,2021-12-20,121051,,,500,65504.0
330,5G40,4K-Video,ENCQOR,"basestation,UE",ENCQOR,3440,32752000,1,ThinkRF R5550-427,125000000.0,125000000.0,Recorded,2021-12-20,133037,,,500,65504.0
331,5G40,4K-Video,ENCQOR,"basestation,UE",ENCQOR,3440,32752000,1,ThinkRF R5550-427,125000000.0,125000000.0,Recorded,2021-12-20,133243,,,500,65504.0
332,5G40,4K-Video,ENCQOR,"basestation,UE",ENCQOR,3440,32752000,1,ThinkRF R5550-427,125000000.0,125000000.0,Recorded,2021-12-20,133544,,,500,65504.0
333,5G40,4K-Video,ENCQOR,"basestation,UE",ENCQOR,3440,32752000,1,ThinkRF R5550-427,125000000.0,125000000.0,Recorded,2021-12-20,133751,,,500,65504.0
334,5G40,4K-Video,ENCQOR,"basestation,UE",ENCQOR,3440,32752000,1,ThinkRF R5550-427,125000000.0,125000000.0,Recorded,2021-12-20,134004,,,500,65504.0
335,5G40,4K-Video,ENCQOR,"basestation,UE",ENCQOR,3440,32752000,1,ThinkRF R5550-427,125000000.0,125000000.0,Recorded,2021-12-20,134220,,,500,65504.0
336,5G40,4K-Video,ENCQOR,"basestation,UE",ENCQOR,3440,32752000,1,ThinkRF R5550-427,125000000.0,125000000.0,Recorded,2021-12-20,134453,,,500,65504.0
337,5G40,4K-Video,ENCQOR,"basestation,UE",ENCQOR,3440,32752000,1,ThinkRF R5550-427,125000000.0,125000000.0,Recorded,2021-12-20,134719,,,500,65504.0
338,5G40,4K-Video,ENCQOR,"basestation,UE",ENCQOR,3440,32752000,1,ThinkRF R5550-427,125000000.0,125000000.0,Recorded,2021-12-20,134924,,,500,65504.0
339,5G40,4K-Video,ENCQOR,"basestation,UE",ENCQOR,3440,32752000,1,ThinkRF R5550-427,125000000.0,125000000.0,Recorded,2021-12-20,135127,,,500,65504.0
340,5G40,4K-Video,ENCQOR,"basestation,UE",ENCQOR,3440,32752000,1,ThinkRF R5550-427,125000000.0,125000000.0,Recorded,2021-12-20,135333,,,500,65504.0
341,5G40,4K-Video,ENCQOR,"basestation,UE",ENCQOR,3440,32752000,1,ThinkRF R5550-427,125000000.0,125000000.0,Recorded,2021-12-20,135542,,,500,65504.0
342,5G40,download,ENCQOR,"basestation,UE",ENCQOR,3440,32752000,1,ThinkRF R5550-427,125000000.0,125000000.0,Recorded,2021-12-20,135804,,,500,65504.0
343,5G40,download,ENCQOR,"basestation,UE",ENCQOR,3440,32752000,1,ThinkRF R5550-427,125000000.0,125000000.0,Recorded,2021-12-20,135933,,,500,65504.0
344,5G40,download,ENCQOR,"basestation,UE",ENCQOR,3440,32752000,1,ThinkRF R5550-427,125000000.0,125000000.0,Recorded,2021-12-20,140105,,,500,65504.0
345,5G40,download,ENCQOR,"basestation,UE",ENCQOR,3440,32752000,1,ThinkRF R5550-427,125000000.0,125000000.0,Recorded,2021-12-20,140246,,,500,65504.0
346,5G40,ambient,ENCQOR,basestation,ENCQOR,3440,32752000,1,ThinkRF R5550-427,125000000.0,125000000.0,Recorded,2021-12-20,140442,,,500,65504.0
347,5G40,ambient,ENCQOR,basestation,ENCQOR,3440,32752000,1,ThinkRF R5550-427,125000000.0,125000000.0,Recorded,2021-12-20,140606,,,500,65504.0
348,5G40,ambient,ENCQOR,basestation,ENCQOR,3440,32752000,1,ThinkRF R5550-427,125000000.0,125000000.0,Recorded,2021-12-20,140729,,,500,65504.0
349,5G40,ambient,ENCQOR,basestation,ENCQOR,3440,32752000,1,ThinkRF R5550-427,125000000.0,125000000.0,Recorded,2021-12-20,140907,,,500,65504.0
350,5G40,ambient,ENCQOR,basestation,ENCQOR,3440,32752000,1,ThinkRF R5550-427,125000000.0,125000000.0,Recorded,2021-12-20,141037,,,500,65504.0
351,5G40,ambient,ENCQOR,basestation,ENCQOR,3440,32752000,1,ThinkRF R5550-427,125000000.0,125000000.0,Recorded,2021-12-20,141207,,,500,65504.0
352,5G40,ambient,ENCQOR,basestation,ENCQOR,3440,32752000,1,ThinkRF R5550-427,125000000.0,125000000.0,Recorded,2021-12-20,141335,,,500,65504.0
353,5G40,ambient,ENCQOR,basestation,ENCQOR,3440,32752000,1,ThinkRF R5550-427,125000000.0,125000000.0,Recorded,2021-12-20,141503,,,500,65504.0
354,5G40,ambient,ENCQOR,basestation,ENCQOR,3440,32752000,1,ThinkRF R5550-427,125000000.0,125000000.0,Recorded,2021-12-20,141630,,,500,65504.0
355,5G40,ambient,ENCQOR,basestation,ENCQOR,3440,32752000,1,ThinkRF R5550-427,125000000.0,125000000.0,Recorded,2021-12-20,141754,,,500,65504.0
356,5G40,ambient,ENCQOR,basestation,ENCQOR,3450,32752000,1,ThinkRF R5550-427,125000000.0,125000000.0,Recorded,2021-12-10,153225,,,500,65504.0
357,5G40,ambient,ENCQOR,basestation,ENCQOR,3440,32817504,4,ThinkRF R5550-427,125000000.0,31250000.0,Recorded,2021-12-10,161019,,,500,65504.0
358,5G40,ambient,ENCQOR,basestation,ENCQOR,3440,32817504,4,ThinkRF R5550-427,125000000.0,31250000.0,Recorded,2021-12-10,161108,,,500,65504.0
359,5G40,ambient,ENCQOR,basestation,ENCQOR,3440,32817504,4,ThinkRF R5550-427,125000000.0,31250000.0,Recorded,2021-12-10,161200,,,500,65504.0
360,5G40,ambient,ENCQOR,basestation,ENCQOR,3440,32817504,4,ThinkRF R5550-427,125000000.0,31250000.0,Recorded,2021-12-10,161249,,,500,65504.0
361,5G40,download,ENCQOR,basestation,ENCQOR,3440,32817504,4,ThinkRF R5550-427,125000000.0,31250000.0,Recorded,2021-12-10,161447,,,500,65504.0
362,5G40,download,ENCQOR,basestation,ENCQOR,3440,32817504,4,ThinkRF R5550-427,125000000.0,31250000.0,Recorded,2021-12-10,161556,,,500,65504.0
363,5G40,download,ENCQOR,basestation,ENCQOR,3440,32817504,4,ThinkRF R5550-427,125000000.0,31250000.0,Recorded,2021-12-10,161654,,,500,65504.0
364,5G40,download,ENCQOR,basestation,ENCQOR,3440,32817504,4,ThinkRF R5550-427,125000000.0,31250000.0,Recorded,2021-12-10,161755,,,500,65504.0
365,5G40,upload,ENCQOR,UE,ENCQOR,3440,32817504,4,ThinkRF R5550-427,125000000.0,31250000.0,Recorded,2021-12-10,161923,,,500,65504.0
366,5G40,upload,ENCQOR,UE,ENCQOR,3440,32817504,4,ThinkRF R5550-427,125000000.0,31250000.0,Recorded,2021-12-10,162013,,,500,65504.0
367,5G40,upload,ENCQOR,UE,ENCQOR,3440,32817504,4,ThinkRF R5550-427,125000000.0,31250000.0,Recorded,2021-12-10,162058,,,500,65504.0
368,5G40,upload,ENCQOR,UE,ENCQOR,3440,32817504,4,ThinkRF R5550-427,125000000.0,31250000.0,Recorded,2021-12-10,162156,,,500,65504.0
369,5G40,ambient,ENCQOR,basestation,ENCQOR,3440,32817504,4,ThinkRF R5550-427,125000000.0,31250000.0,Recorded,2021-12-10,162837,,,500,65504.0
370,5G40,ambient,ENCQOR,basestation,ENCQOR,3440,32817504,4,ThinkRF R5550-427,125000000.0,31250000.0,Recorded,2021-12-10,162959,,,500,65504.0
371,5G40,ambient,ENCQOR,basestation,ENCQOR,3440,32817504,4,ThinkRF R5550-427,125000000.0,31250000.0,Recorded,2021-12-10,163139,,,500,65504.0
372,5G40,ambient,ENCQOR,basestation,ENCQOR,3440,32817504,4,ThinkRF R5550-427,125000000.0,31250000.0,Recorded,2021-12-10,163332,,,500,65504.0
373,5G60,download,ENCQOR,basestation,ENCQOR,3440,32752000,1,ThinkRF R5550-427,125000000.0,125000000.0,Recorded,2021-12-10,132351,,,500,65504.0
374,5G60,upload,ENCQOR,UE,ENCQOR,3440,32752000,1,ThinkRF R5550-427,125000000.0,125000000.0,Recorded,2021-12-10,132616,,,500,65504.0
375,5G60,download,ENCQOR,basestation,ENCQOR,3440,32752000,1,ThinkRF R5550-427,125000000.0,125000000.0,Recorded,2021-12-10,133246,,,500,65504.0
376,5G60,download,ENCQOR,basestation,ENCQOR,3440,32752000,1,ThinkRF R5550-427,125000000.0,125000000.0,Recorded,2021-12-10,133507,,,500,65504.0
377,5G60,download,ENCQOR,basestation,ENCQOR,3440,32752000,1,ThinkRF R5550-427,125000000.0,125000000.0,Recorded,2021-12-10,133648,,,500,65504.0
378,5G60,download,ENCQOR,basestation,ENCQOR,3440,32752000,1,ThinkRF R5550-427,125000000.0,125000000.0,Recorded,2021-12-10,133822,,,500,65504.0
379,5G60,download,ENCQOR,basestation,ENCQOR,3440,32752000,1,ThinkRF R5550-427,125000000.0,125000000.0,Recorded,2021-12-10,134000,,,500,65504.0
380,5G60,download,ENCQOR,basestation,ENCQOR,3440,32752000,1,ThinkRF R5550-427,125000000.0,125000000.0,Recorded,2021-12-10,134136,,,500,65504.0
381,5G60,download,ENCQOR,basestation,ENCQOR,3440,32752000,1,ThinkRF R5550-427,125000000.0,125000000.0,Recorded,2021-12-10,134312,,,500,65504.0
382,5G60,download,ENCQOR,basestation,ENCQOR,3440,32752000,1,ThinkRF R5550-427,125000000.0,125000000.0,Recorded,2021-12-10,134443,,,500,65504.0
383,5G60,download,ENCQOR,basestation,ENCQOR,3440,32752000,1,ThinkRF R5550-427,125000000.0,125000000.0,Recorded,2021-12-10,134620,,,500,65504.0
384,5G60,download,ENCQOR,basestation,ENCQOR,3440,32752000,1,ThinkRF R5550-427,125000000.0,125000000.0,Recorded,2021-12-10,134755,,,500,65504.0
385,5G60,download,ENCQOR,basestation,ENCQOR,3440,32752000,1,ThinkRF R5550-427,125000000.0,125000000.0,Recorded,2021-12-10,134930,,,500,65504.0
386,5G60,download,ENCQOR,basestation,ENCQOR,3440,32752000,1,ThinkRF R5550-427,125000000.0,125000000.0,Recorded,2021-12-10,135105,,,500,65504.0
387,5G60,download,ENCQOR,basestation,ENCQOR,3440,32752000,1,ThinkRF R5550-427,125000000.0,125000000.0,Recorded,2021-12-10,135241,,,500,65504.0
388,5G60,download,ENCQOR,basestation,ENCQOR,3440,32752000,1,ThinkRF R5550-427,125000000.0,125000000.0,Recorded,2021-12-10,135412,,,500,65504.0
389,5G60,download,ENCQOR,basestation,ENCQOR,3440,32752000,1,ThinkRF R5550-427,125000000.0,125000000.0,Recorded,2021-12-10,135547,,,500,65504.0
390,5G60,download,ENCQOR,basestation,ENCQOR,3440,32752000,1,ThinkRF R5550-427,125000000.0,125000000.0,Recorded,2021-12-10,135741,,,500,65504.0
391,5G60,download,ENCQOR,basestation,ENCQOR,3440,32752000,1,ThinkRF R5550-427,125000000.0,125000000.0,Recorded,2021-12-10,135917,,,500,65504.0
392,5G60,download,ENCQOR,basestation,ENCQOR,3440,32752000,1,ThinkRF R5550-427,125000000.0,125000000.0,Recorded,2021-12-10,140051,,,500,65504.0
393,5G60,download,ENCQOR,basestation,ENCQOR,3440,32752000,1,ThinkRF R5550-427,125000000.0,125000000.0,Recorded,2021-12-10,140221,,,500,65504.0
394,5G60,download,ENCQOR,basestation,ENCQOR,3440,32752000,1,ThinkRF R5550-427,125000000.0,125000000.0,Recorded,2021-12-10,140356,,,500,65504.0
395,5G60,4K-Video,ENCQOR,"basestation,UE",ENCQOR,3440,32752000,1,ThinkRF R5550-427,125000000.0,125000000.0,Recorded,2021-12-10,141300,,,500,65504.0
396,5G60,4K-Video,ENCQOR,"basestation,UE",ENCQOR,3440,32752000,1,ThinkRF R5550-427,125000000.0,125000000.0,Recorded,2021-12-10,141444,,,500,65504.0
397,5G60,4K-Video,ENCQOR,"basestation,UE",ENCQOR,3440,32752000,1,ThinkRF R5550-427,125000000.0,125000000.0,Recorded,2021-12-10,141654,,,500,65504.0
398,5G60,4K-Video,ENCQOR,"basestation,UE",ENCQOR,3440,32752000,1,ThinkRF R5550-427,125000000.0,125000000.0,Recorded,2021-12-10,141859,,,500,65504.0
399,5G60,4K-Video,ENCQOR,"basestation,UE",ENCQOR,3440,32752000,1,ThinkRF R5550-427,125000000.0,125000000.0,Recorded,2021-12-10,142033,,,500,65504.0
400,5G60,4K-Video,ENCQOR,"basestation,UE",ENCQOR,3440,32752000,1,ThinkRF R5550-427,125000000.0,125000000.0,Recorded,2021-12-10,142217,,,500,65504.0
401,5G60,4K-Video,ENCQOR,"basestation,UE",ENCQOR,3440,32752000,1,ThinkRF R5550-427,125000000.0,125000000.0,Recorded,2021-12-10,142349,,,500,65504.0
402,5G60,4K-Video,ENCQOR,"basestation,UE",ENCQOR,3440,32752000,1,ThinkRF R5550-427,125000000.0,125000000.0,Recorded,2021-12-10,142517,,,500,65504.0
403,5G60,4K-Video,ENCQOR,"basestation,UE",ENCQOR,3440,32752000,1,ThinkRF R5550-427,125000000.0,125000000.0,Recorded,2021-12-10,142655,,,500,65504.0
404,5G60,4K-Video,ENCQOR,"basestation,UE",ENCQOR,3440,32752000,1,ThinkRF R5550-427,125000000.0,125000000.0,Recorded,2021-12-10,142839,,,500,65504.0
405,5G60,4K-Video,ENCQOR,"basestation,UE",ENCQOR,3440,32752000,1,ThinkRF R5550-427,125000000.0,125000000.0,Recorded,2021-12-10,143016,,,500,65504.0
406,5G60,4K-Video,ENCQOR,"basestation,UE",ENCQOR,3440,32752000,1,ThinkRF R5550-427,125000000.0,125000000.0,Recorded,2021-12-10,143140,,,500,65504.0
407,5G60,4K-Video,ENCQOR,"basestation,UE",ENCQOR,3440,32752000,1,ThinkRF R5550-427,125000000.0,125000000.0,Recorded,2021-12-10,143332,,,500,65504.0
408,5G60,4K-Video,ENCQOR,"basestation,UE",ENCQOR,3440,32752000,1,ThinkRF R5550-427,125000000.0,125000000.0,Recorded,2021-12-10,143522,,,500,65504.0
409,5G60,ambient,ENCQOR,basestation,ENCQOR,3440,32752000,1,ThinkRF R5550-427,125000000.0,125000000.0,Recorded,2021-12-10,144039,,,500,65504.0
410,5G60,ambient,ENCQOR,basestation,ENCQOR,3440,32752000,1,ThinkRF R5550-427,125000000.0,125000000.0,Recorded,2021-12-10,144214,,,500,65504.0
411,5G60,ambient,ENCQOR,basestation,ENCQOR,3440,32752000,1,ThinkRF R5550-427,125000000.0,125000000.0,Recorded,2021-12-10,144352,,,500,65504.0
412,5G60,ambient,ENCQOR,basestation,ENCQOR,3440,32752000,1,ThinkRF R5550-427,125000000.0,125000000.0,Recorded,2021-12-10,144518,,,500,65504.0
413,5G60,ambient,ENCQOR,basestation,ENCQOR,3440,32752000,1,ThinkRF R5550-427,125000000.0,125000000.0,Recorded,2021-12-10,144643,,,500,65504.0
414,5G60,ambient,ENCQOR,basestation,ENCQOR,3440,32752000,1,ThinkRF R5550-427,125000000.0,125000000.0,Recorded,2021-12-10,144808,,,500,65504.0
415,5G60,upload,ENCQOR,UE,ENCQOR,3440,32752000,1,ThinkRF R5550-427,125000000.0,125000000.0,Recorded,2021-12-10,144937,,,500,65504.0
416,5G60,upload,ENCQOR,UE,ENCQOR,3440,32752000,1,ThinkRF R5550-427,125000000.0,125000000.0,Recorded,2021-12-10,145146,,,500,65504.0
417,5G60,upload,ENCQOR,UE,ENCQOR,3440,32752000,1,ThinkRF R5550-427,125000000.0,125000000.0,Recorded,2021-12-10,145400,,,500,65504.0
418,5G60,upload,ENCQOR,UE,ENCQOR,3440,32752000,1,ThinkRF R5550-427,125000000.0,125000000.0,Recorded,2021-12-10,145613,,,500,65504.0
419,5G60,upload,ENCQOR,UE,ENCQOR,3440,32752000,1,ThinkRF R5550-427,125000000.0,125000000.0,Recorded,2021-12-10,145821,,,500,65504.0
420,5G60,upload,ENCQOR,UE,ENCQOR,3440,32752000,1,ThinkRF R5550-427,125000000.0,125000000.0,Recorded,2021-12-10,150052,,,500,65504.0
421,5G60,upload,ENCQOR,UE,ENCQOR,3440,32752000,1,ThinkRF R5550-427,125000000.0,125000000.0,Recorded,2021-12-10,150230,,,500,65504.0
422,5G60,upload,ENCQOR,UE,ENCQOR,3440,32752000,1,ThinkRF R5550-427,125000000.0,125000000.0,Recorded,2021-12-10,150401,,,500,65504.0
423,5G60,upload,ENCQOR,UE,ENCQOR,3440,32752000,1,ThinkRF R5550-427,125000000.0,125000000.0,Recorded,2021-12-10,150533,,,500,65504.0
424,5G60,upload,ENCQOR,UE,ENCQOR,3440,32752000,1,ThinkRF R5550-427,125000000.0,125000000.0,Recorded,2021-12-10,150703,,,500,65504.0
425,5G60,upload,ENCQOR,UE,ENCQOR,3440,32752000,1,ThinkRF R5550-427,125000000.0,125000000.0,Recorded,2021-12-10,150851,,,500,65504.0
426,5G60,upload,ENCQOR,UE,ENCQOR,3440,32752000,1,ThinkRF R5550-427,125000000.0,125000000.0,Recorded,2021-12-10,151020,,,500,65504.0
427,5G60,upload,ENCQOR,UE,ENCQOR,3440,32752000,1,ThinkRF R5550-427,125000000.0,125000000.0,Recorded,2021-12-10,151153,,,500,65504.0
428,5G60,upload,ENCQOR,UE,ENCQOR,3440,32752000,1,ThinkRF R5550-427,125000000.0,125000000.0,Recorded,2021-12-10,151323,,,500,65504.0
429,5G60,upload,ENCQOR,UE,ENCQOR,3440,32752000,1,ThinkRF R5550-427,125000000.0,125000000.0,Recorded,2021-12-10,151526,,,500,65504.0
430,5G60,upload,ENCQOR,UE,ENCQOR,3440,32752000,1,ThinkRF R5550-427,125000000.0,125000000.0,Recorded,2021-12-10,151719,,,500,65504.0
431,5G60,upload,ENCQOR,UE,ENCQOR,3440,32752000,1,ThinkRF R5550-427,125000000.0,125000000.0,Recorded,2021-12-10,151903,,,500,65504.0
432,5G60,upload,ENCQOR,UE,ENCQOR,3440,32752000,1,ThinkRF R5550-427,125000000.0,125000000.0,Recorded,2021-12-10,152032,,,500,65504.0
433,5G60,upload,ENCQOR,UE,ENCQOR,3440,32752000,1,ThinkRF R5550-427,125000000.0,125000000.0,Recorded,2021-12-10,152206,,,500,65504.0
434,5G60,4K-Video,ENCQOR,"basestation,UE",ENCQOR,3440,32752000,1,ThinkRF R5550-427,125000000.0,125000000.0,Recorded,2021-12-10,152433,,,500,65504.0
435,5G60,ambient,ENCQOR,basestation,ENCQOR,3440,32752000,1,ThinkRF R5550-427,125000000.0,125000000.0,Recorded,2021-12-10,155157,,,500,65504.0
436,5G60,ambient,ENCQOR,basestation,ENCQOR,3440,32752000,1,ThinkRF R5550-427,125000000.0,125000000.0,Recorded,2021-12-10,155331,,,500,65504.0
437,5G60,ambient,ENCQOR,basestation,ENCQOR,3440,32752000,1,ThinkRF R5550-427,125000000.0,125000000.0,Recorded,2021-12-10,155529,,,500,65504.0
438,5G60,ambient,ENCQOR,basestation,ENCQOR,3440,32752000,1,ThinkRF R5550-427,125000000.0,125000000.0,Recorded,2021-12-10,155656,,,500,65504.0
439,5G60,ambient,ENCQOR,basestation,ENCQOR,3440,32752000,1,ThinkRF R5550-427,125000000.0,125000000.0,Recorded,2021-12-10,155824,,,500,65504.0
440,5G60,ambient,ENCQOR,basestation,ENCQOR,3440,32752000,1,ThinkRF R5550-427,125000000.0,125000000.0,Recorded,2021-12-10,155957,,,500,65504.0
441,5G60,ambient,ENCQOR,basestation,ENCQOR,3440,32752000,1,ThinkRF R5550-427,125000000.0,125000000.0,Recorded,2021-12-10,160126,,,500,65504.0
442,5G60,ambient,ENCQOR,basestation,ENCQOR,3440,32752000,1,ThinkRF R5550-427,125000000.0,125000000.0,Recorded,2021-12-10,160257,,,500,65504.0
443,5G60,ambient,ENCQOR,basestation,ENCQOR,3440,32752000,1,ThinkRF R5550-427,125000000.0,125000000.0,Recorded,2021-12-10,160424,,,500,65504.0
444,5G60,ambient,ENCQOR,basestation,ENCQOR,3440,32752000,1,ThinkRF R5550-427,125000000.0,125000000.0,Recorded,2021-12-10,160600,,,500,65504.0
445,5G60,ambient,ENCQOR,basestation,ENCQOR,3440,32752000,1,ThinkRF R5550-427,125000000.0,125000000.0,Recorded,2021-12-10,160727,,,500,65504.0
446,LTE,download,ENCQOR,basestation,ENCQOR,2302.5,32817504,4,ThinkRF R5550-427,125000000.0,31250000.0,Recorded,2021-12-20,121516,,,500,65504.0
447,LTE,download,ENCQOR,basestation,ENCQOR,2302.5,32817504,8,ThinkRF R5550-427,125000000.0,15625000.0,Recorded,2021-12-20,122008,,,500,65504.0
448,LTE,download,ENCQOR,basestation,ENCQOR,2302.5,32817504,8,ThinkRF R5550-427,125000000.0,15625000.0,Recorded,2021-12-20,122235,,,500,65504.0
449,LTE,download,ENCQOR,basestation,ENCQOR,2302.5,32817504,8,ThinkRF R5550-427,125000000.0,15625000.0,Recorded,2021-12-20,122330,,,500,65504.0
450,LTE,download,ENCQOR,basestation,ENCQOR,2302.5,32817504,8,ThinkRF R5550-427,125000000.0,15625000.0,Recorded,2021-12-20,122421,,,500,65504.0
451,LTE,download,ENCQOR,basestation,ENCQOR,2302.5,32817504,8,ThinkRF R5550-427,125000000.0,15625000.0,Recorded,2021-12-20,122539,,,500,65504.0
452,LTE,download,ENCQOR,basestation,ENCQOR,2302.5,32817504,8,ThinkRF R5550-427,125000000.0,15625000.0,Recorded,2021-12-20,122634,,,500,65504.0
453,LTE,download,ENCQOR,basestation,ENCQOR,2302.5,32817504,8,ThinkRF R5550-427,125000000.0,15625000.0,Recorded,2021-12-20,122739,,,500,65504.0
454,LTE,download,ENCQOR,basestation,ENCQOR,2302.5,32817504,8,ThinkRF R5550-427,125000000.0,15625000.0,Recorded,2021-12-20,122854,,,500,65504.0
455,LTE,download,ENCQOR,basestation,ENCQOR,2302.5,32817504,4,ThinkRF R5550-427,125000000.0,31250000.0,Recorded,2021-12-20,123014,,,500,65504.0
456,LTE,download,ENCQOR,basestation,ENCQOR,2302.5,32817504,4,ThinkRF R5550-427,125000000.0,31250000.0,Recorded,2021-12-20,123109,,,500,65504.0
457,LTE,download,ENCQOR,basestation,ENCQOR,2302.5,32817504,4,ThinkRF R5550-427,125000000.0,31250000.0,Recorded,2021-12-20,123211,,,500,65504.0
458,LTE,download,ENCQOR,basestation,ENCQOR,2302.5,32817504,4,ThinkRF R5550-427,125000000.0,31250000.0,Recorded,2021-12-20,123305,,,500,65504.0
459,LTE,download,ENCQOR,basestation,ENCQOR,2302.5,32817504,4,ThinkRF R5550-427,125000000.0,31250000.0,Recorded,2021-12-20,123422,,,500,65504.0
460,LTE,download,ENCQOR,basestation,ENCQOR,2302.5,32817504,4,ThinkRF R5550-427,125000000.0,31250000.0,Recorded,2021-12-20,123519,,,500,65504.0
461,LTE,download,ENCQOR,basestation,ENCQOR,2302.5,32817504,4,ThinkRF R5550-427,125000000.0,31250000.0,Recorded,2021-12-20,123612,,,500,65504.0
462,LTE,upload,ENCQOR,UE,ENCQOR,2302.5,32817504,4,ThinkRF R5550-427,125000000.0,31250000.0,Recorded,2021-12-20,123924,,,500,65504.0
463,LTE,upload,ENCQOR,UE,ENCQOR,2302.5,32817504,4,ThinkRF R5550-427,125000000.0,31250000.0,Recorded,2021-12-20,124009,,,500,65504.0
464,LTE,upload,ENCQOR,UE,ENCQOR,2302.5,32817504,4,ThinkRF R5550-427,125000000.0,31250000.0,Recorded,2021-12-20,124106,,,500,65504.0
465,LTE,upload,ENCQOR,UE,ENCQOR,2302.5,32817504,4,ThinkRF R5550-427,125000000.0,31250000.0,Recorded,2021-12-20,124214,,,500,65504.0
466,LTE,upload,ENCQOR,UE,ENCQOR,2302.5,32817504,4,ThinkRF R5550-427,125000000.0,31250000.0,Recorded,2021-12-20,124306,,,500,65504.0
467,LTE,upload,ENCQOR,UE,ENCQOR,2302.5,32817504,4,ThinkRF R5550-427,125000000.0,31250000.0,Recorded,2021-12-20,124421,,,500,65504.0
468,LTE,upload,ENCQOR,UE,ENCQOR,2302.5,32817504,4,ThinkRF R5550-427,125000000.0,31250000.0,Recorded,2021-12-20,124529,,,500,65504.0
469,LTE,upload,ENCQOR,UE,ENCQOR,2302.5,32817504,4,ThinkRF R5550-427,125000000.0,31250000.0,Recorded,2021-12-20,124640,,,500,65504.0
470,LTE,upload,ENCQOR,UE,ENCQOR,2302.5,32817504,4,ThinkRF R5550-427,125000000.0,31250000.0,Recorded,2021-12-20,124733,,,500,65504.0
471,LTE,upload,ENCQOR,UE,ENCQOR,2302.5,32817504,4,ThinkRF R5550-427,125000000.0,31250000.0,Recorded,2021-12-20,124839,,,500,65504.0
472,LTE,ambient,ENCQOR,basestation,ENCQOR,2302.5,32817504,4,ThinkRF R5550-427,125000000.0,31250000.0,Recorded,2021-12-20,125117,,,500,65504.0
473,LTE,ambient,ENCQOR,basestation,ENCQOR,2302.5,32817504,4,ThinkRF R5550-427,125000000.0,31250000.0,Recorded,2021-12-20,125205,,,500,65504.0
474,LTE,ambient,ENCQOR,basestation,ENCQOR,2302.5,32817504,4,ThinkRF R5550-427,125000000.0,31250000.0,Recorded,2021-12-20,125533,,,500,65504.0
475,LTE,ambient,ENCQOR,basestation,ENCQOR,2302.5,32817504,4,ThinkRF R5550-427,125000000.0,31250000.0,Recorded,2021-12-20,125836,,,500,65504.0
476,LTE,ambient,ENCQOR,basestation,ENCQOR,2302.5,32817504,4,ThinkRF R5550-427,125000000.0,31250000.0,Recorded,2021-12-20,125925,,,500,65504.0
477,LTE,ambient,ENCQOR,basestation,ENCQOR,2302.5,32817504,4,ThinkRF R5550-427,125000000.0,31250000.0,Recorded,2021-12-20,130016,,,500,65504.0
478,LTE,ambient,ENCQOR,basestation,ENCQOR,2302.5,32817504,4,ThinkRF R5550-427,125000000.0,31250000.0,Recorded,2021-12-20,130102,,,500,65504.0
479,LTE,ambient,ENCQOR,basestation,ENCQOR,2302.5,32817504,4,ThinkRF R5550-427,125000000.0,31250000.0,Recorded,2021-12-20,130153,,,500,65504.0
480,LTE,ambient,ENCQOR,basestation,ENCQOR,2302.5,32817504,4,ThinkRF R5550-427,125000000.0,31250000.0,Recorded,2021-12-20,130239,,,500,65504.0
481,LTE,ambient,ENCQOR,basestation,ENCQOR,2302.5,32817504,4,ThinkRF R5550-427,125000000.0,31250000.0,Recorded,2021-12-20,130404,,,500,65504.0
482,LTE,videocall,ENCQOR,"basestation,UE",ENCQOR,2302.5,32817504,4,ThinkRF R5550-427,125000000.0,31250000.0,Recorded,2021-12-20,130553,,,500,65504.0
483,LTE,videocall,ENCQOR,"basestation,UE",ENCQOR,2302.5,32817504,4,ThinkRF R5550-427,125000000.0,31250000.0,Recorded,2021-12-20,130645,,,500,65504.0
484,LTE,videocall,ENCQOR,"basestation,UE",ENCQOR,2302.5,32817504,4,ThinkRF R5550-427,125000000.0,31250000.0,Recorded,2021-12-20,130740,,,500,65504.0
485,LTE,videocall,ENCQOR,"basestation,UE",ENCQOR,2302.5,32817504,4,ThinkRF R5550-427,125000000.0,31250000.0,Recorded,2021-12-20,130842,,,500,65504.0
486,LTE,videocall,ENCQOR,"basestation,UE",ENCQOR,2302.5,32817504,4,ThinkRF R5550-427,125000000.0,31250000.0,Recorded,2021-12-20,130947,,,500,65504.0
487,LTE,videocall,ENCQOR,"basestation,UE",ENCQOR,2302.5,32817504,4,ThinkRF R5550-427,125000000.0,31250000.0,Recorded,2021-12-20,131048,,,500,65504.0
488,LTE,videocall,ENCQOR,"basestation,UE",ENCQOR,2302.5,32817504,4,ThinkRF R5550-427,125000000.0,31250000.0,Recorded,2021-12-20,131212,,,500,65504.0
489,LTE,videocall,ENCQOR,"basestation,UE",ENCQOR,2302.5,32817504,4,ThinkRF R5550-427,125000000.0,31250000.0,Recorded,2021-12-20,131519,,,500,65504.0
490,LTE,videocall,ENCQOR,"basestation,UE",ENCQOR,2302.5,32817504,4,ThinkRF R5550-427,125000000.0,31250000.0,Recorded,2021-12-20,131621,,,500,65504.0
491,LTE,videocall,ENCQOR,"basestation,UE",ENCQOR,2302.5,32817504,4,ThinkRF R5550-427,125000000.0,31250000.0,Recorded,2021-12-20,131723,,,500,65504.0
492,LTE,download,ENCQOR,basestation,ENCQOR,2302.5,32817504,4,ThinkRF R5550-427,125000000.0,31250000.0,Recorded,2021-12-20,131838,,,500,65504.0
493,LTE,download,ENCQOR,basestation,ENCQOR,2302.5,32817504,4,ThinkRF R5550-427,125000000.0,31250000.0,Recorded,2021-12-20,131932,,,500,65504.0
494,Wifi-AC2,download,vlab-ambient,router,ENCQOR,2427,19651200,1,ThinkRF R5550-427,125000000.0,125000000.0,Recorded,2021-12-10,012525,,,300,65504.0
495,Wifi-AC2,download,vlab-ambient,router,ENCQOR,2427,22926400,1,ThinkRF R5550-427,125000000.0,125000000.0,Recorded,2021-12-10,012900,,,350,65504.0
496,Wifi-AC2,download,vlab-ambient,router,ENCQOR,2427,32752000,1,ThinkRF R5550-427,125000000.0,125000000.0,Recorded,2021-12-10,013044,,,500,65504.0
497,Wifi-AC2,download,vlab-ambient,router,ENCQOR,2427,32752000,1,ThinkRF R5550-427,125000000.0,125000000.0,Recorded,2021-12-10,013225,,,500,65504.0
498,Wifi-AC2,download,vlab-ambient,router,ENCQOR,2427,32752000,1,ThinkRF R5550-427,125000000.0,125000000.0,Recorded,2021-12-10,013402,,,500,65504.0
499,Wifi-AC2,download,vlab-ambient,router,ENCQOR,2427,32752000,1,ThinkRF R5550-427,125000000.0,125000000.0,Recorded,2021-12-10,013537,,,500,65504.0
500,Wifi-AC2,upload,vlab-ambient,UE,ENCQOR,2427,32752000,1,ThinkRF R5550-427,125000000.0,125000000.0,Recorded,2021-12-10,013734,,,500,65504.0
501,Wifi-AC2,upload,vlab-ambient,UE,ENCQOR,2427,32752000,1,ThinkRF R5550-427,125000000.0,125000000.0,Recorded,2021-12-10,013919,,,500,65504.0
502,Wifi-AC2,upload,vlab-ambient,UE,ENCQOR,2427,32752000,1,ThinkRF R5550-427,125000000.0,125000000.0,Recorded,2021-12-10,014339,,,500,65504.0
503,Wifi-AC2,upload,vlab-ambient,UE,ENCQOR,2427,32752000,1,ThinkRF R5550-427,125000000.0,125000000.0,Recorded,2021-12-10,014502,,,500,65504.0
504,Wifi-AC2,upload,vlab-ambient,UE,ENCQOR,2427,32752000,1,ThinkRF R5550-427,125000000.0,125000000.0,Recorded,2021-12-10,014640,,,500,65504.0
505,Wifi-AC2,upload,vlab-ambient,UE,ENCQOR,2427,32752000,1,ThinkRF R5550-427,125000000.0,125000000.0,Recorded,2021-12-10,014811,,,500,65504.0
506,Wifi-AC2,upload,vlab-ambient,UE,ENCQOR,2427,32752000,1,ThinkRF R5550-427,125000000.0,125000000.0,Recorded,2021-12-10,014942,,,500,65504.0
507,Wifi-AC2,download,vlab-ambient,router,ENCQOR,2427,32752000,1,ThinkRF R5550-427,125000000.0,125000000.0,Recorded,2021-12-10,015341,,,500,65504.0
508,Wifi-AC5,download,vlab-ambient,router,ENCQOR,5190,32752000,1,ThinkRF R5550-427,125000000.0,125000000.0,Recorded,2021-12-10,184846,,,500,65504.0
509,Wifi-AC5,download,vlab-ambient,router,ENCQOR,5190,32752000,1,ThinkRF R5550-427,125000000.0,125000000.0,Recorded,2021-12-10,185314,,,500,65504.0
510,Wifi-AC5,download,vlab-ambient,router,ENCQOR,5190,32752000,1,ThinkRF R5550-427,125000000.0,125000000.0,Recorded,2021-12-10,185615,,,500,65504.0
511,Wifi-AC5,download,vlab-ambient,router,ENCQOR,5190,32752000,1,ThinkRF R5550-427,125000000.0,125000000.0,Recorded,2021-12-10,185934,,,500,65504.0
512,Wifi-AC5,download,vlab-ambient,router,ENCQOR,5190,32752000,1,ThinkRF R5550-427,125000000.0,125000000.0,Recorded,2021-12-10,190235,,,500,65504.0
513,Wifi-AC5,download,vlab-ambient,router,ENCQOR,5190,32752000,1,ThinkRF R5550-427,125000000.0,125000000.0,Recorded,2021-12-10,190411,,,500,65504.0
514,Wifi-AC5,download,vlab-ambient,router,ENCQOR,5190,32752000,1,ThinkRF R5550-427,125000000.0,125000000.0,Recorded,2021-12-10,190548,,,500,65504.0
515,Wifi-AC5,download,vlab-ambient,router,ENCQOR,5190,32752000,1,ThinkRF R5550-427,125000000.0,125000000.0,Recorded,2021-12-10,190753,,,500,65504.0
516,Wifi-AC5,videocall,vlab-ambient,"router,UE",ENCQOR,5190,32752000,1,ThinkRF R5550-427,125000000.0,125000000.0,Recorded,2021-12-10,191247,,,500,65504.0
517,Wifi-AC5,videocall,vlab-ambient,"router,UE",ENCQOR,5190,32752000,1,ThinkRF R5550-427,125000000.0,125000000.0,Recorded,2021-12-10,191424,,,500,65504.0
518,Wifi-AC5,videocall,vlab-ambient,"router,UE",ENCQOR,5190,32752000,1,ThinkRF R5550-427,125000000.0,125000000.0,Recorded,2021-12-10,191550,,,500,65504.0
519,Wifi-AC5,videocall,vlab-ambient,"router,UE",ENCQOR,5190,32752000,1,ThinkRF R5550-427,125000000.0,125000000.0,Recorded,2021-12-10,191719,,,500,65504.0
520,Wifi-AC5,videocall,vlab-ambient,"router,UE",ENCQOR,5190,32752000,1,ThinkRF R5550-427,125000000.0,125000000.0,Recorded,2021-12-10,191852,,,500,65504.0
521,Wifi-AC5,videocall,vlab-ambient,"router,UE",ENCQOR,5190,32752000,1,ThinkRF R5550-427,125000000.0,125000000.0,Recorded,2021-12-10,192023,,,500,65504.0
522,Wifi-AC5,videocall,vlab-ambient,"router,UE",ENCQOR,5190,32752000,1,ThinkRF R5550-427,125000000.0,125000000.0,Recorded,2021-12-10,192152,,,500,65504.0
523,Wifi-AC5,videocall,vlab-ambient,"router,UE",ENCQOR,5190,32752000,1,ThinkRF R5550-427,125000000.0,125000000.0,Recorded,2021-12-10,192321,,,500,65504.0
524,Wifi-AC5,videocall,vlab-ambient,"router,UE",ENCQOR,5190,32752000,1,ThinkRF R5550-427,125000000.0,125000000.0,Recorded,2021-12-10,192450,,,500,65504.0
525,Wifi-AC5,videocall,vlab-ambient,"router,UE",ENCQOR,5190,32752000,1,ThinkRF R5550-427,125000000.0,125000000.0,Recorded,2021-12-10,192622,,,500,65504.0
526,Wifi-AC5,ambient,vlab-ambient,router,ENCQOR,5190,32752000,1,ThinkRF R5550-427,125000000.0,125000000.0,Recorded,2021-12-10,193920,,,500,65504.0
527,Wifi-AC5,ambient,vlab-ambient,router,ENCQOR,5190,32752000,1,ThinkRF R5550-427,125000000.0,125000000.0,Recorded,2021-12-10,194048,,,500,65504.0
528,Wifi-AC5,ambient,vlab-ambient,router,ENCQOR,5190,32752000,1,ThinkRF R5550-427,125000000.0,125000000.0,Recorded,2021-12-10,194232,,,500,65504.0
529,Wifi-AC5,ambient,vlab-ambient,router,ENCQOR,5190,32752000,1,ThinkRF R5550-427,125000000.0,125000000.0,Recorded,2021-12-10,194358,,,500,65504.0
530,Wifi-AC5,ambient,vlab-ambient,router,ENCQOR,5190,32752000,1,ThinkRF R5550-427,125000000.0,125000000.0,Recorded,2021-12-10,194525,,,500,65504.0
531,Wifi-AC5,ambient,vlab-ambient,router,ENCQOR,5190,32752000,1,ThinkRF R5550-427,125000000.0,125000000.0,Recorded,2021-12-10,194738,,,500,65504.0
532,Wifi-AC5,ambient,vlab-ambient,router,ENCQOR,5190,32752000,1,ThinkRF R5550-427,125000000.0,125000000.0,Recorded,2021-12-10,194904,,,500,65504.0
533,Wifi-AC5,ambient,vlab-ambient,router,ENCQOR,5190,32752000,1,ThinkRF R5550-427,125000000.0,125000000.0,Recorded,2021-12-10,195033,,,500,65504.0
534,Wifi-AC5,4K-Video,vlab-ambient,"router,UE",ENCQOR,5755,32752000,1,ThinkRF R5550-427,125000000.0,125000000.0,Recorded,2021-12-10,200152,,,500,65504.0
535,Wifi-AC5,4K-Video,vlab-ambient,"router,UE",ENCQOR,5755,32752000,1,ThinkRF R5550-427,125000000.0,125000000.0,Recorded,2021-12-10,200323,,,500,65504.0
536,Wifi-AC5,4K-Video,vlab-ambient,"router,UE",ENCQOR,5755,32752000,1,ThinkRF R5550-427,125000000.0,125000000.0,Recorded,2021-12-10,200450,,,500,65504.0
537,Wifi-AC5,4K-Video,vlab-ambient,"router,UE",ENCQOR,5755,32752000,1,ThinkRF R5550-427,125000000.0,125000000.0,Recorded,2021-12-10,200627,,,500,65504.0
538,Wifi-AC5,upload,vlab-ambient,UE,ENCQOR,5755,32752000,1,ThinkRF R5550-427,125000000.0,125000000.0,Recorded,2021-12-10,200812,,,500,65504.0
539,Wifi-AC5,upload,vlab-ambient,UE,ENCQOR,5755,32752000,1,ThinkRF R5550-427,125000000.0,125000000.0,Recorded,2021-12-10,200950,,,500,65504.0
540,Wifi-AC5,upload,vlab-ambient,UE,ENCQOR,5755,32752000,1,ThinkRF R5550-427,125000000.0,125000000.0,Recorded,2021-12-10,201120,,,500,65504.0
541,Wifi-AC5,upload,vlab-ambient,UE,ENCQOR,5755,32752000,1,ThinkRF R5550-427,125000000.0,125000000.0,Recorded,2021-12-10,201246,,,500,65504.0
542,Wifi-AC5,upload,vlab-ambient,UE,ENCQOR,5755,32752000,1,ThinkRF R5550-427,125000000.0,125000000.0,Recorded,2021-12-10,201516,,,500,65504.0
543,Wifi-BG,download,home,router,ENCQOR,2437,32817504,4,ThinkRF R5550-427,125000000.0,31250000.0,Recorded,2021-12-10,004757,,,500,65504.0
544,Wifi-BG,download,home,router,ENCQOR,2437,32817504,4,ThinkRF R5550-427,125000000.0,31250000.0,Recorded,2021-12-10,005050,,,500,65504.0
545,Wifi-BG,download,home,router,ENCQOR,2437,32817504,4,ThinkRF R5550-427,125000000.0,31250000.0,Recorded,2021-12-10,005152,,,500,65504.0
546,Wifi-BG,download,home,router,ENCQOR,2437,32817504,4,ThinkRF R5550-427,125000000.0,31250000.0,Recorded,2021-12-10,005252,,,500,65504.0
547,Wifi-BG,download,home,router,ENCQOR,2437,32817504,4,ThinkRF R5550-427,125000000.0,31250000.0,Recorded,2021-12-10,005417,,,500,65504.0
548,Wifi-BG,download,home,router,ENCQOR,2437,32817504,4,ThinkRF R5550-427,125000000.0,31250000.0,Recorded,2021-12-10,005515,,,500,65504.0
549,Wifi-BG,upload,home,"router,UE",ENCQOR,2437,32817504,4,ThinkRF R5550-427,125000000.0,31250000.0,Recorded,2021-12-10,005649,,,500,65504.0
550,Wifi-BG,upload,home,"router,UE",ENCQOR,2437,32817504,4,ThinkRF R5550-427,125000000.0,31250000.0,Recorded,2021-12-10,005841,,,500,65504.0
551,Wifi-BG,upload,home,"router,UE",ENCQOR,2437,32817504,4,ThinkRF R5550-427,125000000.0,31250000.0,Recorded,2021-12-10,005950,,,500,65504.0
552,Wifi-BG,upload,home,"router,UE",ENCQOR,2437,32817504,4,ThinkRF R5550-427,125000000.0,31250000.0,Recorded,2021-12-10,010035,,,500,65504.0
553,Wifi-BG,upload,home,"router,UE",ENCQOR,2437,32817504,4,ThinkRF R5550-427,125000000.0,31250000.0,Recorded,2021-12-10,010132,,,500,65504.0
554,Wifi-BG,upload,home,"router,UE",ENCQOR,2437,32817504,4,ThinkRF R5550-427,125000000.0,31250000.0,Recorded,2021-12-10,011123,,,500,65504.0
